code_etablissement,ville,etablissement,commune,Matiere,Barre,effectif_presents_serie_l,effectif_presents_serie_es,effectif_presents_serie_s,taux_brut_de_reussite_serie_l,taux_brut_de_reussite_serie_es,taux_brut_de_reussite_serie_s,taux_reussite_attendu_serie_l,taux_reussite_attendu_serie_es,taux_reussite_attendu_serie_s,effectif_de_seconde,effectif_de_premiere,taux_acces_brut_seconde_bac,taux_acces_attendu_seconde_bac,taux_acces_brut_premiere_bac,taux_acces_attendu_premiere_bac,taux_brut_de_reussite_total_series,taux_reussite_attendu_total_series
0780422K,LES MUREAUX,LYCEE FRANCOIS VILLON,78440,PHY.CHIMIE,118,25,54,97,56,85,80,72,86,75,304,222,61,64,84,81,81,79
0780422K,LES MUREAUX,LYCEE FRANCOIS VILLON,78440,MATHS,93,25,54,97,56,85,80,72,86,75,304,222,61,64,84,81,81,79
0780422K,LES MUREAUX,LYCEE FRANCOIS VILLON,78440,DOC LYCEES,38,25,54,97,56,85,80,72,86,75,304,222,61,64,84,81,81,79
0780515L,MAUREPAS,LYCEE LES SEPT MARES,78383,ESPAGNOL,199,34,47,47,79,98,85,87,93,91,194,168,80,69,92,87,88,89
0780515L,MAUREPAS,LYCEE LES SEPT MARES,78383,NRC,48,34,47,47,79,98,85,87,93,91,194,168,80,69,92,87,88,89
0780515L,MAUREPAS,LYCEE LES SEPT MARES,78383,ECO.GE.MK,256.2,34,47,47,79,98,85,87,93,91,194,168,80,69,92,87,88,89
0780582J,PLAISIR,LYCEE JEAN VILAR,78490,S. V. T.,230,21,47,81,86,96,90,90,95,93,238,252,77,73,88,87,92,92
0780582J,PLAISIR,LYCEE JEAN VILAR,78490,ECO.GE.FIN,144,21,47,81,86,96,90,90,95,93,238,252,77,73,88,87,92,92
0780582J,PLAISIR,LYCEE JEAN VILAR,78490,HIST. GEO.,223,21,47,81,86,96,90,90,95,93,238,252,77,73,88,87,92,92
0781297L,TRAPPES,LYCEE PLAINE DE NEAUPHLE,78621,ARTS PLAST,98,6,17,26,83,94,50,84,81,61,96,103,56,53,73,70,64,70
0781297L,TRAPPES,LYCEE PLAINE DE NEAUPHLE,78621,MATHS,111,6,17,26,83,94,50,84,81,61,96,103,56,53,73,70,64,70
0781297L,TRAPPES,LYCEE PLAINE DE NEAUPHLE,78621,ANGLAIS,118,6,17,26,83,94,50,84,81,61,96,103,56,53,73,70,64,70
0781297L,TRAPPES,LYCEE PLAINE DE NEAUPHLE,78621,EDUCATION,101,6,17,26,83,94,50,84,81,61,96,103,56,53,73,70,64,70
0781512V,MONTIGNY LE BRETONNEUX,LYCEE DESCARTES,78423,ALLEMAND,2019.2,22,60,101,91,95,97,91,96,96,261,260,83,76,94,91,96,95
0781512V,MONTIGNY LE BRETONNEUX,LYCEE DESCARTES,78423,LET MODERN,268,22,60,101,91,95,97,91,96,96,261,260,83,76,94,91,96,95
0781512V,MONTIGNY LE BRETONNEUX,LYCEE DESCARTES,78423,ALLEMAND,2019.2,22,60,101,91,95,97,91,96,96,261,260,83,76,94,91,96,95
0781512V,MONTIGNY LE BRETONNEUX,LYCEE DESCARTES,78423,PHILO,412,22,60,101,91,95,97,91,96,96,261,260,83,76,94,91,96,95
0781512V,MONTIGNY LE BRETONNEUX,LYCEE DESCARTES,78423,HIST. GEO.,217,22,60,101,91,95,97,91,96,96,261,260,83,76,94,91,96,95
0781819D,MONTIGNY LE BRETONNEUX,LYCEE EMILIE DE BRETEUIL (GENERAL ET TECHNO.),78423,HIST. GEO.,1645,16,61,115,100,95,97,92,95,95,306,279,74,74,91,91,94,93
0781819D,MONTIGNY LE BRETONNEUX,LYCEE EMILIE DE BRETEUIL (GENERAL ET TECHNO.),78423,SII.ING.ME,1716,16,61,115,100,95,97,92,95,95,306,279,74,74,91,91,94,93
0781819D,MONTIGNY LE BRETONNEUX,LYCEE EMILIE DE BRETEUIL (GENERAL ET TECHNO.),78423,MATHS,210,16,61,115,100,95,97,92,95,95,306,279,74,74,91,91,94,93
0781819D,MONTIGNY LE BRETONNEUX,LYCEE EMILIE DE BRETEUIL (GENERAL ET TECHNO.),78423,PHY.CHIMIE,118,16,61,115,100,95,97,92,95,95,306,279,74,74,91,91,94,93
0781839A,LA QUEUE LES YVELINES,LYCEE JEAN MONNET,78513,ECO.GE.MK,200,44,82,150,89,93,92,94,95,95,426,376,73,77,87,90,90,95
0781839A,LA QUEUE LES YVELINES,LYCEE JEAN MONNET,78513,MATHS,251,44,82,150,89,93,92,94,95,95,426,376,73,77,87,90,90,95
0781839A,LA QUEUE LES YVELINES,LYCEE JEAN MONNET,78513,ESPAGNOL,237,44,82,150,89,93,92,94,95,95,426,376,73,77,87,90,90,95
0781839A,LA QUEUE LES YVELINES,LYCEE JEAN MONNET,78513,HIST. GEO.,210,44,82,150,89,93,92,94,95,95,426,376,73,77,87,90,90,95
0781845G,CONFLANS STE HONORINE,LYCEE JULES FERRY,78172,MATHS,155,35,93,103,89,86,88,91,94,89,403,329,79,72,91,87,89,91
0781845G,CONFLANS STE HONORINE,LYCEE JULES FERRY,78172,PHY.CHIMIE,210,35,93,103,89,86,88,91,94,89,403,329,79,72,91,87,89,91
0781845G,CONFLANS STE HONORINE,LYCEE JULES FERRY,78172,ESPAGNOL,216,35,93,103,89,86,88,91,94,89,403,329,79,72,91,87,89,91
0781859X,AUBERGENVILLE,LYCEE VINCENT VAN GOGH (GENERAL ET TECHNO.),78029,DOC LYCEES,71,19,69,69,79,94,91,93,93,95,333,252,81,73,91,89,89,92
0781859X,AUBERGENVILLE,LYCEE VINCENT VAN GOGH (GENERAL ET TECHNO.),78029,ECO.GE.CPT,1727,19,69,69,79,94,91,93,93,95,333,252,81,73,91,89,89,92
0781859X,AUBERGENVILLE,LYCEE VINCENT VAN GOGH (GENERAL ET TECHNO.),78029,PHY.CHIMIE,157,19,69,69,79,94,91,93,93,95,333,252,81,73,91,89,89,92
0781859X,AUBERGENVILLE,LYCEE VINCENT VAN GOGH (GENERAL ET TECHNO.),78029,PHILO,275.2,19,69,69,79,94,91,93,93,95,333,252,81,73,91,89,89,92
0781859X,AUBERGENVILLE,LYCEE VINCENT VAN GOGH (GENERAL ET TECHNO.),78029,EDUCATION,185,19,69,69,79,94,91,93,93,95,333,252,81,73,91,89,89,92
0781859X,AUBERGENVILLE,LYCEE VINCENT VAN GOGH (GENERAL ET TECHNO.),78029,ESPAGNOL,121,19,69,69,79,94,91,93,93,95,333,252,81,73,91,89,89,92
0781859X,AUBERGENVILLE,LYCEE VINCENT VAN GOGH (GENERAL ET TECHNO.),78029,ECO.GE.COM,159,19,69,69,79,94,91,93,93,95,333,252,81,73,91,89,89,92
0781859X,AUBERGENVILLE,LYCEE VINCENT VAN GOGH (GENERAL ET TECHNO.),78029,MATHS,600,19,69,69,79,94,91,93,93,95,333,252,81,73,91,89,89,92
0781859X,AUBERGENVILLE,LYCEE VINCENT VAN GOGH (GENERAL ET TECHNO.),78029,S. V. T.,216,19,69,69,79,94,91,93,93,95,333,252,81,73,91,89,89,92
0781860Y,CARRIERES SUR SEINE,LYCEE LES PIERRES VIVES (GENERAL ET TECHNO.),78124,SII.SIN,241,48,99,143,88,99,98,95,97,97,469,359,77,71,96,91,97,96
0781860Y,CARRIERES SUR SEINE,LYCEE LES PIERRES VIVES (GENERAL ET TECHNO.),78124,HIST. GEO.,320,48,99,143,88,99,98,95,97,97,469,359,77,71,96,91,97,96
0781860Y,CARRIERES SUR SEINE,LYCEE LES PIERRES VIVES (GENERAL ET TECHNO.),78124,SC.ECO.SOC,146,48,99,143,88,99,98,95,97,97,469,359,77,71,96,91,97,96
0781861Z,MARLY LE ROI,LYCEE LOUIS DE BROGLIE,78372,LET MODERN,251,18,87,148,83,100,96,96,97,98,302,246,73,80,92,91,97,97
0781861Z,MARLY LE ROI,LYCEE LOUIS DE BROGLIE,78372,MATHS,128,18,87,148,83,100,96,96,97,98,302,246,73,80,92,91,97,97
0781861Z,MARLY LE ROI,LYCEE LOUIS DE BROGLIE,78372,ESPAGNOL,152,18,87,148,83,100,96,96,97,98,302,246,73,80,92,91,97,97
0781883Y,MAUREPAS,LYCEE DUMONT D URVILLE (GENERAL ET TECHNO.),78383,MATHS,110,15,46,47,73,85,85,87,86,89,191,194,66,68,80,83,83,86
0781883Y,MAUREPAS,LYCEE DUMONT D URVILLE (GENERAL ET TECHNO.),78383,ANGLAIS,140.2,15,46,47,73,85,85,87,86,89,191,194,66,68,80,83,83,86
0781883Y,MAUREPAS,LYCEE DUMONT D URVILLE (GENERAL ET TECHNO.),78383,LET ANGLAI,1709,15,46,47,73,85,85,87,86,89,191,194,66,68,80,83,83,86
0781883Y,MAUREPAS,LYCEE DUMONT D URVILLE (GENERAL ET TECHNO.),78383,DOC LYCEES,213,15,46,47,73,85,85,87,86,89,191,194,66,68,80,83,83,86
0781883Y,MAUREPAS,LYCEE DUMONT D URVILLE (GENERAL ET TECHNO.),78383,ECO.GE.FIN,1137,15,46,47,73,85,85,87,86,89,191,194,66,68,80,83,83,86
0781884Z,LIMAY,LYCEE CONDORCET (GENERAL ET TECHNO.),78335,LET MODERN,559.2,23,25,63,83,76,87,81,86,82,278,180,60,67,82,82,82,84
0781884Z,LIMAY,LYCEE CONDORCET (GENERAL ET TECHNO.),78335,S. V. T.,1774,23,25,63,83,76,87,81,86,82,278,180,60,67,82,82,82,84
0781949V,GUYANCOURT,LYCEE DE VILLAROY,78297,EDUCATION,288,16,62,102,81,89,91,94,95,96,277,279,75,74,86,89,88,93
0781949V,GUYANCOURT,LYCEE DE VILLAROY,78297,LET MODERN,240.2,16,62,102,81,89,91,94,95,96,277,279,75,74,86,89,88,93
0781950W,ACHERES,LYCEE LOUISE WEISS (GENERAL ET TECHNO.),78005,HIST. GEO.,118,18,48,48,83,94,90,92,90,90,191,237,67,68,82,81,84,86
0781950W,ACHERES,LYCEE LOUISE WEISS (GENERAL ET TECHNO.),78005,BIOTECHNOL,45,18,48,48,83,94,90,92,90,90,191,237,67,68,82,81,84,86
0781950W,ACHERES,LYCEE LOUISE WEISS (GENERAL ET TECHNO.),78005,ANGLAIS,100,18,48,48,83,94,90,92,90,90,191,237,67,68,82,81,84,86
0781950W,ACHERES,LYCEE LOUISE WEISS (GENERAL ET TECHNO.),78005,LET.HIS.GE,81.2,18,48,48,83,94,90,92,90,90,191,237,67,68,82,81,84,86
0781950W,ACHERES,LYCEE LOUISE WEISS (GENERAL ET TECHNO.),78005,LETT CLASS,170,18,48,48,83,94,90,92,90,90,191,237,67,68,82,81,84,86
0781950W,ACHERES,LYCEE LOUISE WEISS (GENERAL ET TECHNO.),78005,PHILO,126.2,18,48,48,83,94,90,92,90,90,191,237,67,68,82,81,84,86
0781951X,MAGNANVILLE,LYCEE LEOPOLD SEDAR SENGHOR (GENERAL ET TECHNO.),78354,ALLEMAND,338.2,29,81,58,90,88,88,90,86,86,276,242,67,63,83,81,85,84
0781951X,MAGNANVILLE,LYCEE LEOPOLD SEDAR SENGHOR (GENERAL ET TECHNO.),78354,ALLEMAND,338.2,29,81,58,90,88,88,90,86,86,276,242,67,63,83,81,85,84
0781951X,MAGNANVILLE,LYCEE LEOPOLD SEDAR SENGHOR (GENERAL ET TECHNO.),78354,LET ANGLAI,1182,29,81,58,90,88,88,90,86,86,276,242,67,63,83,81,85,84
0781951X,MAGNANVILLE,LYCEE LEOPOLD SEDAR SENGHOR (GENERAL ET TECHNO.),78354,DOC LYCEES,261,29,81,58,90,88,88,90,86,86,276,242,67,63,83,81,85,84
0781951X,MAGNANVILLE,LYCEE LEOPOLD SEDAR SENGHOR (GENERAL ET TECHNO.),78354,HIST. GEO.,35,29,81,58,90,88,88,90,86,86,276,242,67,63,83,81,85,84
0781951X,MAGNANVILLE,LYCEE LEOPOLD SEDAR SENGHOR (GENERAL ET TECHNO.),78354,MATH.SC.PH,107,29,81,58,90,88,88,90,86,86,276,242,67,63,83,81,85,84
0781951X,MAGNANVILLE,LYCEE LEOPOLD SEDAR SENGHOR (GENERAL ET TECHNO.),78354,MATHS,100,29,81,58,90,88,88,90,86,86,276,242,67,63,83,81,85,84
0781951X,MAGNANVILLE,LYCEE LEOPOLD SEDAR SENGHOR (GENERAL ET TECHNO.),78354,ECO.GE.MK,48,29,81,58,90,88,88,90,86,86,276,242,67,63,83,81,85,84
0781951X,MAGNANVILLE,LYCEE LEOPOLD SEDAR SENGHOR (GENERAL ET TECHNO.),78354,ESTH.COSME,58,29,81,58,90,88,88,90,86,86,276,242,67,63,83,81,85,84
0781951X,MAGNANVILLE,LYCEE LEOPOLD SEDAR SENGHOR (GENERAL ET TECHNO.),78354,ESPAGNOL,111,29,81,58,90,88,88,90,86,86,276,242,67,63,83,81,85,84
0781952Y,VILLEPREUX,LYCEE SONIA DELAUNAY (GENERAL ET TECHNO.),78674,S. V. T.,272,25,86,79,92,98,99,94,94,95,314,227,71,77,90,91,97,94
0782132U,ST GERMAIN EN LAYE,LYCEE JEANNE D ALBRET,78551,ESPAGNOL,220,57,174,254,98,97,97,95,97,97,539,472,75,73,92,91,97,97
0782132U,ST GERMAIN EN LAYE,LYCEE JEANNE D ALBRET,78551,MATHS,165,57,174,254,98,97,97,95,97,97,539,472,75,73,92,91,97,97
0782132U,ST GERMAIN EN LAYE,LYCEE JEANNE D ALBRET,78551,S. V. T.,230,57,174,254,98,97,97,95,97,97,539,472,75,73,92,91,97,97
0782132U,ST GERMAIN EN LAYE,LYCEE JEANNE D ALBRET,78551,ANGLAIS,352,57,174,254,98,97,97,95,97,97,539,472,75,73,92,91,97,97
0782539L,MANTES LA JOLIE,LYCEE ST EXUPERY,78361,ECO.GE.FIN,447.2,80,69,70,86,84,83,85,88,81,373,269,65,70,82,85,86,84
0782539L,MANTES LA JOLIE,LYCEE ST EXUPERY,78361,E. P. S,377.2,80,69,70,86,84,83,85,88,81,373,269,65,70,82,85,86,84
0782539L,MANTES LA JOLIE,LYCEE ST EXUPERY,78361,BIOCH.BIOL,28,80,69,70,86,84,83,85,88,81,373,269,65,70,82,85,86,84
0782539L,MANTES LA JOLIE,LYCEE ST EXUPERY,78361,LETT CLASS,175,80,69,70,86,84,83,85,88,81,373,269,65,70,82,85,86,84
0782546U,POISSY,LYCEE LE CORBUSIER,78498,E. P. S,449,53,79,93,79,91,91,91,95,89,341,279,63,68,83,86,88,90
0782546U,POISSY,LYCEE LE CORBUSIER,78498,PHILO,351.2,53,79,93,79,91,91,91,95,89,341,279,63,68,83,86,88,90
0782549X,RAMBOUILLET,LYCEE LOUIS BASCAN (GENERAL ET TECHNO.),78517,LET ESPAGN,258,83,100,173,86,93,96,90,96,94,619,552,80,72,89,87,91,92
0782549X,RAMBOUILLET,LYCEE LOUIS BASCAN (GENERAL ET TECHNO.),78517,EDUCATION,71,83,100,173,86,93,96,90,96,94,619,552,80,72,89,87,91,92
0782549X,RAMBOUILLET,LYCEE LOUIS BASCAN (GENERAL ET TECHNO.),78517,LET.HIS.GE,58,83,100,173,86,93,96,90,96,94,619,552,80,72,89,87,91,92
0782549X,RAMBOUILLET,LYCEE LOUIS BASCAN (GENERAL ET TECHNO.),78517,PHILO,1021,83,100,173,86,93,96,90,96,94,619,552,80,72,89,87,91,92
0782549X,RAMBOUILLET,LYCEE LOUIS BASCAN (GENERAL ET TECHNO.),78517,S. V. T.,292,83,100,173,86,93,96,90,96,94,619,552,80,72,89,87,91,92
0782549X,RAMBOUILLET,LYCEE LOUIS BASCAN (GENERAL ET TECHNO.),78517,MATHS,148,83,100,173,86,93,96,90,96,94,619,552,80,72,89,87,91,92
0782549X,RAMBOUILLET,LYCEE LOUIS BASCAN (GENERAL ET TECHNO.),78517,ECO.GE.COM,1065,83,100,173,86,93,96,90,96,94,619,552,80,72,89,87,91,92
0782568T,LE VESINET,LYCEE ALAIN,78650,MATHS,285,44,119,174,84,92,93,91,96,97,404,359,76,78,88,91,91,95
0782568T,LE VESINET,LYCEE ALAIN,78650,ESPAGNOL,190,44,119,174,84,92,93,91,96,97,404,359,76,78,88,91,91,95
0782568T,LE VESINET,LYCEE ALAIN,78650,S. V. T.,263,44,119,174,84,92,93,91,96,97,404,359,76,78,88,91,91,95
0782587N,VILLIERS ST FREDERIC,LYCEE VIOLLET-LE-DUC,78683,G.IND.BOIS,42,24,58,86,79,91,90,92,92,93,241,187,74,70,90,89,89,92
0782587N,VILLIERS ST FREDERIC,LYCEE VIOLLET-LE-DUC,78683,BIOCH.BIOL,434.2,24,58,86,79,91,90,92,92,93,241,187,74,70,90,89,89,92
0782587N,VILLIERS ST FREDERIC,LYCEE VIOLLET-LE-DUC,78683,EDUCATION,258,24,58,86,79,91,90,92,92,93,241,187,74,70,90,89,89,92
0782587N,VILLIERS ST FREDERIC,LYCEE VIOLLET-LE-DUC,78683,MATH.SC.PH,101,24,58,86,79,91,90,92,92,93,241,187,74,70,90,89,89,92
0782822U,LA CELLE ST CLOUD,LYCEE PIERRE CORNEILLE,78126,EDUCATION,97,24,68,100,83,93,88,92,94,92,340,317,72,72,86,88,89,93
0782822U,LA CELLE ST CLOUD,LYCEE PIERRE CORNEILLE,78126,S. V. T.,198,24,68,100,83,93,88,92,94,92,340,317,72,72,86,88,89,93
0782822U,LA CELLE ST CLOUD,LYCEE PIERRE CORNEILLE,78126,SII.SIN,236.2,24,68,100,83,93,88,92,94,92,340,317,72,72,86,88,89,93
0782822U,LA CELLE ST CLOUD,LYCEE PIERRE CORNEILLE,78126,ANGLAIS,225,24,68,100,83,93,88,92,94,92,340,317,72,72,86,88,89,93
0782822U,LA CELLE ST CLOUD,LYCEE PIERRE CORNEILLE,78126,ECO.GE.MK,72,24,68,100,83,93,88,92,94,92,340,317,72,72,86,88,89,93
0782822U,LA CELLE ST CLOUD,LYCEE PIERRE CORNEILLE,78126,PHY.CHIMIE,230,24,68,100,83,93,88,92,94,92,340,317,72,72,86,88,89,93
0782822U,LA CELLE ST CLOUD,LYCEE PIERRE CORNEILLE,78126,MATHS,128,24,68,100,83,93,88,92,94,92,340,317,72,72,86,88,89,93
0782822U,LA CELLE ST CLOUD,LYCEE PIERRE CORNEILLE,78126,LET MODERN,472,24,68,100,83,93,88,92,94,92,340,317,72,72,86,88,89,93
0782924E,SARTROUVILLE,LYCEE EVARISTE GALOIS,78586,HIST. GEO.,52,47,105,146,91,93,95,88,93,91,559,473,78,70,91,86,91,90
0782924E,SARTROUVILLE,LYCEE EVARISTE GALOIS,78586,ANGLAIS,111,47,105,146,91,93,95,88,93,91,559,473,78,70,91,86,91,90
0782924E,SARTROUVILLE,LYCEE EVARISTE GALOIS,78586,PHY.CHIMIE,161,47,105,146,91,93,95,88,93,91,559,473,78,70,91,86,91,90
0782924E,SARTROUVILLE,LYCEE EVARISTE GALOIS,78586,ECO.GE.MK,304.2,47,105,146,91,93,95,88,93,91,559,473,78,70,91,86,91,90
0782924E,SARTROUVILLE,LYCEE EVARISTE GALOIS,78586,PHILO,210.2,47,105,146,91,93,95,88,93,91,559,473,78,70,91,86,91,90
0782924E,SARTROUVILLE,LYCEE EVARISTE GALOIS,78586,ESPAGNOL,118,47,105,146,91,93,95,88,93,91,559,473,78,70,91,86,91,90
0782924E,SARTROUVILLE,LYCEE EVARISTE GALOIS,78586,ECO.GE.FIN,49,47,105,146,91,93,95,88,93,91,559,473,78,70,91,86,91,90
0783140P,ST CYR L ECOLE,LYCEE MANSART,78545,PHY.CHIMIE,209,15,70,93,87,86,95,93,94,93,242,245,77,72,90,88,86,92
0783140P,ST CYR L ECOLE,LYCEE MANSART,78545,ESPAGNOL,204,15,70,93,87,86,95,93,94,93,242,245,77,72,90,88,86,92
0783140P,ST CYR L ECOLE,LYCEE MANSART,78545,ANGLAIS,268,15,70,93,87,86,95,93,94,93,242,245,77,72,90,88,86,92
0783140P,ST CYR L ECOLE,LYCEE MANSART,78545,EDUCATION,128,15,70,93,87,86,95,93,94,93,242,245,77,72,90,88,86,92
0910620E,CORBEIL ESSONNES,LYCEE ROBERT DOISNEAU,91174,HIST. GEO.,228,68,82,140,96,83,81,91,86,87,519,505,74,68,83,83,82,84
0910620E,CORBEIL ESSONNES,LYCEE ROBERT DOISNEAU,91174,ANGLAIS,101,68,82,140,96,83,81,91,86,87,519,505,74,68,83,83,82,84
0910620E,CORBEIL ESSONNES,LYCEE ROBERT DOISNEAU,91174,ECO.GE.COM,105,68,82,140,96,83,81,91,86,87,519,505,74,68,83,83,82,84
0910620E,CORBEIL ESSONNES,LYCEE ROBERT DOISNEAU,91174,SII.EE,603,68,82,140,96,83,81,91,86,87,519,505,74,68,83,83,82,84
0910620E,CORBEIL ESSONNES,LYCEE ROBERT DOISNEAU,91174,ECO.GE.FIN,1586,68,82,140,96,83,81,91,86,87,519,505,74,68,83,83,82,84
0910620E,CORBEIL ESSONNES,LYCEE ROBERT DOISNEAU,91174,ECO.GE.VEN,71,68,82,140,96,83,81,91,86,87,519,505,74,68,83,83,82,84
0910620E,CORBEIL ESSONNES,LYCEE ROBERT DOISNEAU,91174,SII.ING.ME,236,68,82,140,96,83,81,91,86,87,519,505,74,68,83,83,82,84
0910620E,CORBEIL ESSONNES,LYCEE ROBERT DOISNEAU,91174,LET MODERN,138,68,82,140,96,83,81,91,86,87,519,505,74,68,83,83,82,84
0910620E,CORBEIL ESSONNES,LYCEE ROBERT DOISNEAU,91174,ECO.GE.MK,335.2,68,82,140,96,83,81,91,86,87,519,505,74,68,83,83,82,84
0910621F,DOURDAN,LYCEE FRANCISQUE SARCEY (GENERAL ET TECHNO.),91200,HIST. GEO.,118,40,83,123,93,96,97,93,95,94,379,294,78,77,94,90,96,93
0910621F,DOURDAN,LYCEE FRANCISQUE SARCEY (GENERAL ET TECHNO.),91200,ECO.GE.COM,389.2,40,83,123,93,96,97,93,95,94,379,294,78,77,94,90,96,93
0910621F,DOURDAN,LYCEE FRANCISQUE SARCEY (GENERAL ET TECHNO.),91200,ANGLAIS,221,40,83,123,93,96,97,93,95,94,379,294,78,77,94,90,96,93
0910621F,DOURDAN,LYCEE FRANCISQUE SARCEY (GENERAL ET TECHNO.),91200,MATH.SC.PH,261.2,40,83,123,93,96,97,93,95,94,379,294,78,77,94,90,96,93
0910621F,DOURDAN,LYCEE FRANCISQUE SARCEY (GENERAL ET TECHNO.),91200,SC.ECO.SOC,161.2,40,83,123,93,96,97,93,95,94,379,294,78,77,94,90,96,93
0910621F,DOURDAN,LYCEE FRANCISQUE SARCEY (GENERAL ET TECHNO.),91200,ECO.GE.VEN,69,40,83,123,93,96,97,93,95,94,379,294,78,77,94,90,96,93
0910622G,ETAMPES,LYCEE GEOFFROY-SAINT-HILAIRE (GENERAL ET TECHNO.),91223,ANGLAIS,180,41,96,155,95,83,92,91,88,91,637,533,75,70,86,84,86,89
0910622G,ETAMPES,LYCEE GEOFFROY-SAINT-HILAIRE (GENERAL ET TECHNO.),91223,HIST. GEO.,128,41,96,155,95,83,92,91,88,91,637,533,75,70,86,84,86,89
0910622G,ETAMPES,LYCEE GEOFFROY-SAINT-HILAIRE (GENERAL ET TECHNO.),91223,PHILO,101,41,96,155,95,83,92,91,88,91,637,533,75,70,86,84,86,89
0910622G,ETAMPES,LYCEE GEOFFROY-SAINT-HILAIRE (GENERAL ET TECHNO.),91223,LET.HIS.GE,137,41,96,155,95,83,92,91,88,91,637,533,75,70,86,84,86,89
0910622G,ETAMPES,LYCEE GEOFFROY-SAINT-HILAIRE (GENERAL ET TECHNO.),91223,MATHS,111,41,96,155,95,83,92,91,88,91,637,533,75,70,86,84,86,89
0910622G,ETAMPES,LYCEE GEOFFROY-SAINT-HILAIRE (GENERAL ET TECHNO.),91223,DOC LYCEES,206,41,96,155,95,83,92,91,88,91,637,533,75,70,86,84,86,89
0910622G,ETAMPES,LYCEE GEOFFROY-SAINT-HILAIRE (GENERAL ET TECHNO.),91223,ESPAGNOL,111,41,96,155,95,83,92,91,88,91,637,533,75,70,86,84,86,89
0910622G,ETAMPES,LYCEE GEOFFROY-SAINT-HILAIRE (GENERAL ET TECHNO.),91223,LET MODERN,251,41,96,155,95,83,92,91,88,91,637,533,75,70,86,84,86,89
0910622G,ETAMPES,LYCEE GEOFFROY-SAINT-HILAIRE (GENERAL ET TECHNO.),91223,ECO.GE.COM,151,41,96,155,95,83,92,91,88,91,637,533,75,70,86,84,86,89
0910623H,ATHIS MONS,LYCEE MARCEL PAGNOL,91027,LET MODERN,197,25,69,85,92,90,82,88,90,87,332,333,66,67,81,81,84,85
0910623H,ATHIS MONS,LYCEE MARCEL PAGNOL,91027,ECO.GE.COM,21,25,69,85,92,90,82,88,90,87,332,333,66,67,81,81,84,85
0910623H,ATHIS MONS,LYCEE MARCEL PAGNOL,91027,ANGLAIS,279,25,69,85,92,90,82,88,90,87,332,333,66,67,81,81,84,85
0910623H,ATHIS MONS,LYCEE MARCEL PAGNOL,91027,BIOCH.BIOL,110,25,69,85,92,90,82,88,90,87,332,333,66,67,81,81,84,85
0910623H,ATHIS MONS,LYCEE MARCEL PAGNOL,91027,ECO.GE.MK,147.2,25,69,85,92,90,82,88,90,87,332,333,66,67,81,81,84,85
0910625K,MONTGERON,LYCEE ROSA PARKS,91421,ALLEMAND,396.2,102,133,229,82,92,79,91,89,86,764,691,75,69,85,85,83,87
0910625K,MONTGERON,LYCEE ROSA PARKS,91421,SC.ECO.SOC,108,102,133,229,82,92,79,91,89,86,764,691,75,69,85,85,83,87
0910625K,MONTGERON,LYCEE ROSA PARKS,91421,ESPAGNOL,161,102,133,229,82,92,79,91,89,86,764,691,75,69,85,85,83,87
0910625K,MONTGERON,LYCEE ROSA PARKS,91421,HIST. GEO.,209,102,133,229,82,92,79,91,89,86,764,691,75,69,85,85,83,87
0910625K,MONTGERON,LYCEE ROSA PARKS,91421,ECO.GE.FIN,1880.2,102,133,229,82,92,79,91,89,86,764,691,75,69,85,85,83,87
0910625K,MONTGERON,LYCEE ROSA PARKS,91421,S. V. T.,111,102,133,229,82,92,79,91,89,86,764,691,75,69,85,85,83,87
0910625K,MONTGERON,LYCEE ROSA PARKS,91421,ANGLAIS,111,102,133,229,82,92,79,91,89,86,764,691,75,69,85,85,83,87
0910625K,MONTGERON,LYCEE ROSA PARKS,91421,LET MODERN,228,102,133,229,82,92,79,91,89,86,764,691,75,69,85,85,83,87
0910625K,MONTGERON,LYCEE ROSA PARKS,91421,MATHS,111,102,133,229,82,92,79,91,89,86,764,691,75,69,85,85,83,87
0910625K,MONTGERON,LYCEE ROSA PARKS,91421,PHY.CHIMIE,118,102,133,229,82,92,79,91,89,86,764,691,75,69,85,85,83,87
0910626L,ORSAY,LYCEE BLAISE PASCAL,91471,HIST. GEO.,516,26,67,206,96,100,98,98,98,98,354,308,83,83,94,94,98,98
0910626L,ORSAY,LYCEE BLAISE PASCAL,91471,MATHS,534.2,26,67,206,96,100,98,98,98,98,354,308,83,83,94,94,98,98
0910626L,ORSAY,LYCEE BLAISE PASCAL,91471,ANGLAIS,224,26,67,206,96,100,98,98,98,98,354,308,83,83,94,94,98,98
0910626L,ORSAY,LYCEE BLAISE PASCAL,91471,EDUCATION,237,26,67,206,96,100,98,98,98,98,354,308,83,83,94,94,98,98
0910627M,SAVIGNY SUR ORGE,LYCEE JEAN BAPTISTE COROT,91589,HIST. GEO.,395,133,139,239,84,90,93,91,95,95,656,624,75,80,86,90,87,92
0910627M,SAVIGNY SUR ORGE,LYCEE JEAN BAPTISTE COROT,91589,DOC LYCEES,71,133,139,239,84,90,93,91,95,95,656,624,75,80,86,90,87,92
0910627M,SAVIGNY SUR ORGE,LYCEE JEAN BAPTISTE COROT,91589,MATHS,299,133,139,239,84,90,93,91,95,95,656,624,75,80,86,90,87,92
0910687C,MASSY,LYCEE FUSTEL DE COULANGES,91377,ECO.GE.MK,1253.2,28,67,136,93,97,94,94,95,96,310,260,81,77,91,90,91,93
0910687C,MASSY,LYCEE FUSTEL DE COULANGES,91377,ANGLAIS,158,28,67,136,93,97,94,94,95,96,310,260,81,77,91,90,91,93
0910687C,MASSY,LYCEE FUSTEL DE COULANGES,91377,NRC,271,28,67,136,93,97,94,94,95,96,310,260,81,77,91,90,91,93
0910687C,MASSY,LYCEE FUSTEL DE COULANGES,91377,HIST. GEO.,120,28,67,136,93,97,94,94,95,96,310,260,81,77,91,90,91,93
0910727W,MASSY,LYCEE PARC DE VILGENIS (GENERAL ET TECHNO.),91377,LET ANGLAI,28,9,33,102,100,94,91,88,93,94,266,306,70,66,83,84,86,89
0910727W,MASSY,LYCEE PARC DE VILGENIS (GENERAL ET TECHNO.),91377,SII.ING.ME,408,9,33,102,100,94,91,88,93,94,266,306,70,66,83,84,86,89
0910727W,MASSY,LYCEE PARC DE VILGENIS (GENERAL ET TECHNO.),91377,LET.HIS.GE,71,9,33,102,100,94,91,88,93,94,266,306,70,66,83,84,86,89
0910727W,MASSY,LYCEE PARC DE VILGENIS (GENERAL ET TECHNO.),91377,ECO.GE.COM,163,9,33,102,100,94,91,88,93,94,266,306,70,66,83,84,86,89
0910727W,MASSY,LYCEE PARC DE VILGENIS (GENERAL ET TECHNO.),91377,E. P. S,401.2,9,33,102,100,94,91,88,93,94,266,306,70,66,83,84,86,89
0910727W,MASSY,LYCEE PARC DE VILGENIS (GENERAL ET TECHNO.),91377,EDUCATION,128,9,33,102,100,94,91,88,93,94,266,306,70,66,83,84,86,89
0910975R,BRETIGNY SUR ORGE,LYCEE JEAN PIERRE TIMBAUD (GENERAL ET TECHNO.),91103,MATHS,130,25,59,47,88,83,87,83,84,89,223,206,51,64,72,76,80,84
0910975R,BRETIGNY SUR ORGE,LYCEE JEAN PIERRE TIMBAUD (GENERAL ET TECHNO.),91103,MATH.SC.PH,1538,25,59,47,88,83,87,83,84,89,223,206,51,64,72,76,80,84
0911021R,BRUNOY,LYCEE FRANCOIS-JOSEPH TALMA,91114,S. V. T.,258,33,82,152,82,84,91,87,92,92,416,361,72,72,83,87,86,91
0911021R,BRUNOY,LYCEE FRANCOIS-JOSEPH TALMA,91114,ANGLAIS,120,33,82,152,82,84,91,87,92,92,416,361,72,72,83,87,86,91
0911021R,BRUNOY,LYCEE FRANCOIS-JOSEPH TALMA,91114,ALLEMAND,278,33,82,152,82,84,91,87,92,92,416,361,72,72,83,87,86,91
0911021R,BRUNOY,LYCEE FRANCOIS-JOSEPH TALMA,91114,E. P. S,265,33,82,152,82,84,91,87,92,92,416,361,72,72,83,87,86,91
0911251R,EVRY,LYCEE PARC DES LOGES,91228,LET MODERN,62,31,116,120,84,79,78,84,86,86,418,416,67,65,77,79,78,81
0911251R,EVRY,LYCEE PARC DES LOGES,91228,ANGLAIS,128,31,116,120,84,79,78,84,86,86,418,416,67,65,77,79,78,81
0911251R,EVRY,LYCEE PARC DES LOGES,91228,MATHS,111,31,116,120,84,79,78,84,86,86,418,416,67,65,77,79,78,81
0911251R,EVRY,LYCEE PARC DES LOGES,91228,ALLEMAND,358,31,116,120,84,79,78,84,86,86,418,416,67,65,77,79,78,81
0911251R,EVRY,LYCEE PARC DES LOGES,91228,PHILO,51.2,31,116,120,84,79,78,84,86,86,418,416,67,65,77,79,78,81
0911346U,STE GENEVIEVE DES BOIS,LYCEE ALBERT EINSTEIN,91549,PHILO,178,40,63,82,90,89,82,84,89,88,341,306,71,71,84,84,84,85
0911346U,STE GENEVIEVE DES BOIS,LYCEE ALBERT EINSTEIN,91549,E. P. S,294,40,63,82,90,89,82,84,89,88,341,306,71,71,84,84,84,85
0911346U,STE GENEVIEVE DES BOIS,LYCEE ALBERT EINSTEIN,91549,ANGLAIS,311,40,63,82,90,89,82,84,89,88,341,306,71,71,84,84,84,85
0911492C,LES ULIS,LYCEE L ESSOURIAU (GENERAL ET TECHNO.),91692,SII.ING.ME,479,40,61,102,95,90,87,89,90,89,346,289,80,68,89,84,87,87
0911492C,LES ULIS,LYCEE L ESSOURIAU (GENERAL ET TECHNO.),91692,ANGLAIS,81,40,61,102,95,90,87,89,90,89,346,289,80,68,89,84,87,87
0911492C,LES ULIS,LYCEE L ESSOURIAU (GENERAL ET TECHNO.),91692,LET ESPAGN,78,40,61,102,95,90,87,89,90,89,346,289,80,68,89,84,87,87
0911492C,LES ULIS,LYCEE L ESSOURIAU (GENERAL ET TECHNO.),91692,SII.EE,201,40,61,102,95,90,87,89,90,89,346,289,80,68,89,84,87,87
0911492C,LES ULIS,LYCEE L ESSOURIAU (GENERAL ET TECHNO.),91692,S. V. T.,411,40,61,102,95,90,87,89,90,89,346,289,80,68,89,84,87,87
0911577V,LONGJUMEAU,LYCEE JACQUES PREVERT,91345,ANGLAIS,111,23,67,115,96,90,87,90,92,92,348,284,75,75,87,89,89,91
0911577V,LONGJUMEAU,LYCEE JACQUES PREVERT,91345,DOC LYCEES,21,23,67,115,96,90,87,90,92,92,348,284,75,75,87,89,89,91
0911577V,LONGJUMEAU,LYCEE JACQUES PREVERT,91345,EDUCATION,141,23,67,115,96,90,87,90,92,92,348,284,75,75,87,89,89,91
0911577V,LONGJUMEAU,LYCEE JACQUES PREVERT,91345,S. V. T.,191,23,67,115,96,90,87,90,92,92,348,284,75,75,87,89,89,91
0911577V,LONGJUMEAU,LYCEE JACQUES PREVERT,91345,PHY.CHIMIE,278,23,67,115,96,90,87,90,92,92,348,284,75,75,87,89,89,91
0911577V,LONGJUMEAU,LYCEE JACQUES PREVERT,91345,MATHS,409,23,67,115,96,90,87,90,92,92,348,284,75,75,87,89,89,91
0911632E,ARPAJON,LYCEE RENE CASSIN,91021,ECO.GE.FIN,2056,49,68,139,92,99,95,93,95,92,417,409,83,78,91,89,92,92
0911632E,ARPAJON,LYCEE RENE CASSIN,91021,SC.ECO.SOC,88.2,49,68,139,92,99,95,93,95,92,417,409,83,78,91,89,92,92
0911632E,ARPAJON,LYCEE RENE CASSIN,91021,PHILO,172,49,68,139,92,99,95,93,95,92,417,409,83,78,91,89,92,92
0911632E,ARPAJON,LYCEE RENE CASSIN,91021,MATHS,182,49,68,139,92,99,95,93,95,92,417,409,83,78,91,89,92,92
0911632E,ARPAJON,LYCEE RENE CASSIN,91021,HIST. GEO.,173,49,68,139,92,99,95,93,95,92,417,409,83,78,91,89,92,92
0911632E,ARPAJON,LYCEE RENE CASSIN,91021,ANGLAIS,207,49,68,139,92,99,95,93,95,92,417,409,83,78,91,89,92,92
0911828T,COURCOURONNES,LYCEE GEORGES BRASSENS,91182,ANGLAIS,1548,13,31,51,54,87,65,65,71,62,267,182,53,50,74,70,71,67
0911828T,COURCOURONNES,LYCEE GEORGES BRASSENS,91182,HIST. GEO.,145,13,31,51,54,87,65,65,71,62,267,182,53,50,74,70,71,67
0911828T,COURCOURONNES,LYCEE GEORGES BRASSENS,91182,S. V. T.,111,13,31,51,54,87,65,65,71,62,267,182,53,50,74,70,71,67
0911828T,COURCOURONNES,LYCEE GEORGES BRASSENS,91182,LET MODERN,148,13,31,51,54,87,65,65,71,62,267,182,53,50,74,70,71,67
0911828T,COURCOURONNES,LYCEE GEORGES BRASSENS,91182,LET.HIS.GE,58,13,31,51,54,87,65,65,71,62,267,182,53,50,74,70,71,67
0911828T,COURCOURONNES,LYCEE GEORGES BRASSENS,91182,MATHS,507.2,13,31,51,54,87,65,65,71,62,267,182,53,50,74,70,71,67
0911828T,COURCOURONNES,LYCEE GEORGES BRASSENS,91182,ECO.GE.MK,548,13,31,51,54,87,65,65,71,62,267,182,53,50,74,70,71,67
0911913K,GIF SUR YVETTE,LYCEE VALLEE DE CHEVREUSE,91272,BIOCH.BIOL,121,33,106,226,82,94,94,96,96,98,446,418,84,79,94,93,93,97
0911913K,GIF SUR YVETTE,LYCEE VALLEE DE CHEVREUSE,91272,MATHS,289,33,106,226,82,94,94,96,96,98,446,418,84,79,94,93,93,97
0911913K,GIF SUR YVETTE,LYCEE VALLEE DE CHEVREUSE,91272,ANGLAIS,201.2,33,106,226,82,94,94,96,96,98,446,418,84,79,94,93,93,97
0911913K,GIF SUR YVETTE,LYCEE VALLEE DE CHEVREUSE,91272,E. P. S,419,33,106,226,82,94,94,96,96,98,446,418,84,79,94,93,93,97
0911927A,EPINAY SOUS SENART,LYCEE MAURICE ELIOT,91215,PHY.CHIMIE,168,16,27,52,88,52,92,74,88,85,175,105,49,65,83,84,81,84
0911927A,EPINAY SOUS SENART,LYCEE MAURICE ELIOT,91215,HIST. GEO.,258,16,27,52,88,52,92,74,88,85,175,105,49,65,83,84,81,84
0911927A,EPINAY SOUS SENART,LYCEE MAURICE ELIOT,91215,ANGLAIS,151,16,27,52,88,52,92,74,88,85,175,105,49,65,83,84,81,84
0911927A,EPINAY SOUS SENART,LYCEE MAURICE ELIOT,91215,BIOCH.BIOL,78,16,27,52,88,52,92,74,88,85,175,105,49,65,83,84,81,84
0911937L,BONDOUFLE,LYCEE FRANCOIS TRUFFAUT (GENERAL ET TECHNO.),91086,HIST. GEO.,145,22,69,103,86,86,75,87,90,84,327,263,72,70,82,84,80,86
0911937L,BONDOUFLE,LYCEE FRANCOIS TRUFFAUT (GENERAL ET TECHNO.),91086,S. V. T.,148,22,69,103,86,86,75,87,90,84,327,263,72,70,82,84,80,86
0911937L,BONDOUFLE,LYCEE FRANCOIS TRUFFAUT (GENERAL ET TECHNO.),91086,ECO.GE.FIN,1895,22,69,103,86,86,75,87,90,84,327,263,72,70,82,84,80,86
0911937L,BONDOUFLE,LYCEE FRANCOIS TRUFFAUT (GENERAL ET TECHNO.),91086,E. P. S,443,22,69,103,86,86,75,87,90,84,327,263,72,70,82,84,80,86
0911938M,PALAISEAU,LYCEE CAMILLE CLAUDEL,91477,LET MODERN,260,20,93,103,95,96,97,93,96,95,244,244,79,79,96,92,96,95
0911938M,PALAISEAU,LYCEE CAMILLE CLAUDEL,91477,MATHS,196,20,93,103,95,96,97,93,96,95,244,244,79,79,96,92,96,95
0911945V,MORANGIS,LYCEE MARGUERITE YOURCENAR (GENERAL ET TECHNO.),91432,E. P. S,300.2,14,70,66,36,81,80,85,87,87,167,186,78,74,85,87,77,87
0911945V,MORANGIS,LYCEE MARGUERITE YOURCENAR (GENERAL ET TECHNO.),91432,LETT CLASS,372,14,70,66,36,81,80,85,87,87,167,186,78,74,85,87,77,87
0911945V,MORANGIS,LYCEE MARGUERITE YOURCENAR (GENERAL ET TECHNO.),91432,ANGLAIS,271,14,70,66,36,81,80,85,87,87,167,186,78,74,85,87,77,87
0911945V,MORANGIS,LYCEE MARGUERITE YOURCENAR (GENERAL ET TECHNO.),91432,LET ANGLAI,28,14,70,66,36,81,80,85,87,87,167,186,78,74,85,87,77,87
0911945V,MORANGIS,LYCEE MARGUERITE YOURCENAR (GENERAL ET TECHNO.),91432,LET ESPAGN,192,14,70,66,36,81,80,85,87,87,167,186,78,74,85,87,77,87
0911946W,ST MICHEL SUR ORGE,LYCEE LEONARD DE VINCI (GENERAL ET TECHNO.),91570,LET.HIS.GE,278,13,49,57,92,94,91,83,85,89,209,232,69,68,86,81,89,86
0911946W,ST MICHEL SUR ORGE,LYCEE LEONARD DE VINCI (GENERAL ET TECHNO.),91570,LET MODERN,216,13,49,57,92,94,91,83,85,89,209,232,69,68,86,81,89,86
0911946W,ST MICHEL SUR ORGE,LYCEE LEONARD DE VINCI (GENERAL ET TECHNO.),91570,BIOTECHNOL,21,13,49,57,92,94,91,83,85,89,209,232,69,68,86,81,89,86
0911946W,ST MICHEL SUR ORGE,LYCEE LEONARD DE VINCI (GENERAL ET TECHNO.),91570,MATHS,179,13,49,57,92,94,91,83,85,89,209,232,69,68,86,81,89,86
0911961M,ARPAJON,LYCEE EDMOND MICHELET,91021,LET MODERN,484.2,42,103,101,88,87,71,80,86,86,397,318,68,64,85,85,81,85
0911961M,ARPAJON,LYCEE EDMOND MICHELET,91021,ANGLAIS,389,42,103,101,88,87,71,80,86,86,397,318,68,64,85,85,81,85
0911961M,ARPAJON,LYCEE EDMOND MICHELET,91021,PHY.CHIMIE,178,42,103,101,88,87,71,80,86,86,397,318,68,64,85,85,81,85
0911961M,ARPAJON,LYCEE EDMOND MICHELET,91021,S. V. T.,178,42,103,101,88,87,71,80,86,86,397,318,68,64,85,85,81,85
0911961M,ARPAJON,LYCEE EDMOND MICHELET,91021,SC.ECO.SOC,1555,42,103,101,88,87,71,80,86,86,397,318,68,64,85,85,81,85
0911961M,ARPAJON,LYCEE EDMOND MICHELET,91021,MATHS,303,42,103,101,88,87,71,80,86,86,397,318,68,64,85,85,81,85
0911961M,ARPAJON,LYCEE EDMOND MICHELET,91021,EDUCATION,403.2,42,103,101,88,87,71,80,86,86,397,318,68,64,85,85,81,85
0911962N,MENNECY,LYCEE MARIE LAURENCIN (GENERAL ET TECHNO.),91386,ESPAGNOL,111,26,106,132,77,87,95,89,93,92,399,319,77,73,90,88,88,91
0911962N,MENNECY,LYCEE MARIE LAURENCIN (GENERAL ET TECHNO.),91386,PHILO,132.2,26,106,132,77,87,95,89,93,92,399,319,77,73,90,88,88,91
0911983L,LIMOURS,LYCEE JULES VERNE,91338,LET MODERN,359.2,17,62,87,94,95,93,95,96,95,285,225,79,79,95,91,95,95
0911983L,LIMOURS,LYCEE JULES VERNE,91338,ECO.GE.MK,396.2,17,62,87,94,95,93,95,96,95,285,225,79,79,95,91,95,95
0911983L,LIMOURS,LYCEE JULES VERNE,91338,E. P. S,495,17,62,87,94,95,93,95,96,95,285,225,79,79,95,91,95,95
0911983L,LIMOURS,LYCEE JULES VERNE,91338,MATHS,286,17,62,87,94,95,93,95,96,95,285,225,79,79,95,91,95,95
0911983L,LIMOURS,LYCEE JULES VERNE,91338,HIST. GEO.,21,17,62,87,94,95,93,95,96,95,285,225,79,79,95,91,95,95
0911983L,LIMOURS,LYCEE JULES VERNE,91338,SC.ECO.SOC,128,17,62,87,94,95,93,95,96,95,285,225,79,79,95,91,95,95
0920130S,ANTONY,LYCEE DESCARTES,92002,EDUCATION,261,19,102,148,95,89,95,96,95,96,415,332,80,76,93,90,92,95
0920130S,ANTONY,LYCEE DESCARTES,92002,LETT CLASS,292,19,102,148,95,89,95,96,95,96,415,332,80,76,93,90,92,95
0920130S,ANTONY,LYCEE DESCARTES,92002,ALLEMAND,223,19,102,148,95,89,95,96,95,96,415,332,80,76,93,90,92,95
0920130S,ANTONY,LYCEE DESCARTES,92002,LET MODERN,384.2,19,102,148,95,89,95,96,95,96,415,332,80,76,93,90,92,95
0920131T,ASNIERES SUR SEINE,LYCEE AUGUSTE RENOIR,92004,ESPAGNOL,220,46,85,108,85,89,77,87,80,82,381,340,71,66,88,83,85,83
0920131T,ASNIERES SUR SEINE,LYCEE AUGUSTE RENOIR,92004,MATHS,111,46,85,108,85,89,77,87,80,82,381,340,71,66,88,83,85,83
0920131T,ASNIERES SUR SEINE,LYCEE AUGUSTE RENOIR,92004,PHY.CHIMIE,141.2,46,85,108,85,89,77,87,80,82,381,340,71,66,88,83,85,83
0920132U,BOIS COLOMBES,LYCEE ALBERT CAMUS,92009,HIST. GEO.,251,67,134,164,88,85,96,92,91,95,446,364,72,76,89,90,92,93
0920132U,BOIS COLOMBES,LYCEE ALBERT CAMUS,92009,LET MODERN,1935.2,67,134,164,88,85,96,92,91,95,446,364,72,76,89,90,92,93
0920132U,BOIS COLOMBES,LYCEE ALBERT CAMUS,92009,LETT CLASS,199,67,134,164,88,85,96,92,91,95,446,364,72,76,89,90,92,93
0920132U,BOIS COLOMBES,LYCEE ALBERT CAMUS,92009,S. V. T.,141,67,134,164,88,85,96,92,91,95,446,364,72,76,89,90,92,93
0920132U,BOIS COLOMBES,LYCEE ALBERT CAMUS,92009,E. P. S,358,67,134,164,88,85,96,92,91,95,446,364,72,76,89,90,92,93
0920134W,BOULOGNE BILLANCOURT,LYCEE JACQUES PREVERT,92012,E. P. S,327,36,62,66,89,76,88,91,87,88,313,270,64,65,79,85,85,88
0920134W,BOULOGNE BILLANCOURT,LYCEE JACQUES PREVERT,92012,ANGLAIS,161,36,62,66,89,76,88,91,87,88,313,270,64,65,79,85,85,88
0920134W,BOULOGNE BILLANCOURT,LYCEE JACQUES PREVERT,92012,PHY.CHIMIE,290,36,62,66,89,76,88,91,87,88,313,270,64,65,79,85,85,88
0920134W,BOULOGNE BILLANCOURT,LYCEE JACQUES PREVERT,92012,ESPAGNOL,197,36,62,66,89,76,88,91,87,88,313,270,64,65,79,85,85,88
0920134W,BOULOGNE BILLANCOURT,LYCEE JACQUES PREVERT,92012,ECO.GE.FIN,288,36,62,66,89,76,88,91,87,88,313,270,64,65,79,85,85,88
0920135X,CHATENAY MALABRY,LYCEE EMMANUEL MOUNIER,92019,ANGLAIS,173,17,31,60,88,97,90,92,88,94,229,215,58,69,79,85,89,90
0920135X,CHATENAY MALABRY,LYCEE EMMANUEL MOUNIER,92019,ECO.GE.COM,76,17,31,60,88,97,90,92,88,94,229,215,58,69,79,85,89,90
0920135X,CHATENAY MALABRY,LYCEE EMMANUEL MOUNIER,92019,PHILO,548.2,17,31,60,88,97,90,92,88,94,229,215,58,69,79,85,89,90
0920135X,CHATENAY MALABRY,LYCEE EMMANUEL MOUNIER,92019,E. P. S,316,17,31,60,88,97,90,92,88,94,229,215,58,69,79,85,89,90
0920135X,CHATENAY MALABRY,LYCEE EMMANUEL MOUNIER,92019,LET MODERN,389,17,31,60,88,97,90,92,88,94,229,215,58,69,79,85,89,90
0920135X,CHATENAY MALABRY,LYCEE EMMANUEL MOUNIER,92019,ESPAGNOL,199,17,31,60,88,97,90,92,88,94,229,215,58,69,79,85,89,90
0920135X,CHATENAY MALABRY,LYCEE EMMANUEL MOUNIER,92019,SC.ECO.SOC,217,17,31,60,88,97,90,92,88,94,229,215,58,69,79,85,89,90
0920136Y,CLICHY,LYCEE NEWTON-ENREA (GENERAL ET TECHNO.),92024,PHY.CHIMIE,352,20,53,83,90,87,77,85,87,87,300,186,51,59,78,82,79,85
0920136Y,CLICHY,LYCEE NEWTON-ENREA (GENERAL ET TECHNO.),92024,LETT CLASS,266.2,20,53,83,90,87,77,85,87,87,300,186,51,59,78,82,79,85
0920136Y,CLICHY,LYCEE NEWTON-ENREA (GENERAL ET TECHNO.),92024,SC.ECO.SOC,258,20,53,83,90,87,77,85,87,87,300,186,51,59,78,82,79,85
0920136Y,CLICHY,LYCEE NEWTON-ENREA (GENERAL ET TECHNO.),92024,ANGLAIS,182,20,53,83,90,87,77,85,87,87,300,186,51,59,78,82,79,85
0920136Y,CLICHY,LYCEE NEWTON-ENREA (GENERAL ET TECHNO.),92024,SII.EE,28,20,53,83,90,87,77,85,87,87,300,186,51,59,78,82,79,85
0920136Y,CLICHY,LYCEE NEWTON-ENREA (GENERAL ET TECHNO.),92024,ESPAGNOL,210,20,53,83,90,87,77,85,87,87,300,186,51,59,78,82,79,85
0920136Y,CLICHY,LYCEE NEWTON-ENREA (GENERAL ET TECHNO.),92024,E. P. S,118,20,53,83,90,87,77,85,87,87,300,186,51,59,78,82,79,85
0920136Y,CLICHY,LYCEE NEWTON-ENREA (GENERAL ET TECHNO.),92024,MATHS,111,20,53,83,90,87,77,85,87,87,300,186,51,59,78,82,79,85
0920136Y,CLICHY,LYCEE NEWTON-ENREA (GENERAL ET TECHNO.),92024,S. V. T.,178,20,53,83,90,87,77,85,87,87,300,186,51,59,78,82,79,85
0920137Z,COLOMBES,LYCEE GUY DE MAUPASSANT,92025,MATHS,211,30,58,54,80,79,76,83,78,77,409,348,61,56,74,73,73,75
0920137Z,COLOMBES,LYCEE GUY DE MAUPASSANT,92025,ANGLAIS,138,30,58,54,80,79,76,83,78,77,409,348,61,56,74,73,73,75
0920137Z,COLOMBES,LYCEE GUY DE MAUPASSANT,92025,HIST. GEO.,218.2,30,58,54,80,79,76,83,78,77,409,348,61,56,74,73,73,75
0920137Z,COLOMBES,LYCEE GUY DE MAUPASSANT,92025,ESPAGNOL,223,30,58,54,80,79,76,83,78,77,409,348,61,56,74,73,73,75
0920138A,COURBEVOIE,LYCEE PAUL LAPIE,92026,MATHS,111,49,102,117,84,82,91,87,94,95,441,356,69,72,84,87,82,92
0920138A,COURBEVOIE,LYCEE PAUL LAPIE,92026,EDUCATION,244,49,102,117,84,82,91,87,94,95,441,356,69,72,84,87,82,92
0920138A,COURBEVOIE,LYCEE PAUL LAPIE,92026,SC.ECO.SOC,1600,49,102,117,84,82,91,87,94,95,441,356,69,72,84,87,82,92
0920138A,COURBEVOIE,LYCEE PAUL LAPIE,92026,HIST. GEO.,334,49,102,117,84,82,91,87,94,95,441,356,69,72,84,87,82,92
0920141D,NANTERRE,LYCEE JOLIOT-CURIE,92050,ECO.GE.MK,100,33,71,55,58,51,75,82,64,61,336,287,51,53,65,70,66,70
0920141D,NANTERRE,LYCEE JOLIOT-CURIE,92050,ITALIEN,370.2,33,71,55,58,51,75,82,64,61,336,287,51,53,65,70,66,70
0920141D,NANTERRE,LYCEE JOLIOT-CURIE,92050,HIST. GEO.,228,33,71,55,58,51,75,82,64,61,336,287,51,53,65,70,66,70
0920141D,NANTERRE,LYCEE JOLIOT-CURIE,92050,DOC LYCEES,71,33,71,55,58,51,75,82,64,61,336,287,51,53,65,70,66,70
0920141D,NANTERRE,LYCEE JOLIOT-CURIE,92050,LET MODERN,389.2,33,71,55,58,51,75,82,64,61,336,287,51,53,65,70,66,70
0920141D,NANTERRE,LYCEE JOLIOT-CURIE,92050,ANGLAIS,118,33,71,55,58,51,75,82,64,61,336,287,51,53,65,70,66,70
0920141D,NANTERRE,LYCEE JOLIOT-CURIE,92050,E. P. S,101,33,71,55,58,51,75,82,64,61,336,287,51,53,65,70,66,70
0920141D,NANTERRE,LYCEE JOLIOT-CURIE,92050,ECO.GE.COM,126,33,71,55,58,51,75,82,64,61,336,287,51,53,65,70,66,70
0920141D,NANTERRE,LYCEE JOLIOT-CURIE,92050,MATHS,118,33,71,55,58,51,75,82,64,61,336,287,51,53,65,70,66,70
0920141D,NANTERRE,LYCEE JOLIOT-CURIE,92050,ESPAGNOL,225,33,71,55,58,51,75,82,64,61,336,287,51,53,65,70,66,70
0920142E,NEUILLY SUR SEINE,LYCEE LOUIS PASTEUR,92051,SC.ECO.SOC,460,18,68,139,100,97,99,94,98,98,280,243,87,78,97,93,98,98
0920142E,NEUILLY SUR SEINE,LYCEE LOUIS PASTEUR,92051,LETT CLASS,443,18,68,139,100,97,99,94,98,98,280,243,87,78,97,93,98,98
0920143F,NEUILLY SUR SEINE,LYCEE LA FOLIE SAINT JAMES,92051,MATHS,291.2,13,64,87,77,78,92,85,89,91,215,164,59,61,81,85,85,90
0920143F,NEUILLY SUR SEINE,LYCEE LA FOLIE SAINT JAMES,92051,PHILO,1180,13,64,87,77,78,92,85,89,91,215,164,59,61,81,85,85,90
0920145H,SCEAUX,LYCEE LAKANAL,92071,EDUCATION,186,20,94,197,100,98,98,97,98,98,346,340,86,79,94,93,98,97
0920145H,SCEAUX,LYCEE LAKANAL,92071,PHY.CHIMIE,1693,20,94,197,100,98,98,97,98,98,346,340,86,79,94,93,98,97
0920146J,SCEAUX,LYCEE MARIE CURIE,92071,ALLEMAND,366.2,53,93,161,100,96,99,97,97,98,381,334,82,78,95,92,98,97
0920146J,SCEAUX,LYCEE MARIE CURIE,92071,LET MODERN,456,53,93,161,100,96,99,97,97,98,381,334,82,78,95,92,98,97
0920146J,SCEAUX,LYCEE MARIE CURIE,92071,DOC LYCEES,245.2,53,93,161,100,96,99,97,97,98,381,334,82,78,95,92,98,97
0920146J,SCEAUX,LYCEE MARIE CURIE,92071,S. V. T.,495.2,53,93,161,100,96,99,97,97,98,381,334,82,78,95,92,98,97
0920147K,SURESNES,LYCEE PAUL LANGEVIN,92073,MATHS,111,47,59,106,98,90,95,92,97,96,341,364,76,73,88,88,91,94
0920147K,SURESNES,LYCEE PAUL LANGEVIN,92073,HIST. GEO.,263,47,59,106,98,90,95,92,97,96,341,364,76,73,88,88,91,94
0920147K,SURESNES,LYCEE PAUL LANGEVIN,92073,ALLEMAND,230,47,59,106,98,90,95,92,97,96,341,364,76,73,88,88,91,94
0920147K,SURESNES,LYCEE PAUL LANGEVIN,92073,ECO.GE.MK,209,47,59,106,98,90,95,92,97,96,341,364,76,73,88,88,91,94
0920147K,SURESNES,LYCEE PAUL LANGEVIN,92073,PHY.CHIMIE,185,47,59,106,98,90,95,92,97,96,341,364,76,73,88,88,91,94
0920147K,SURESNES,LYCEE PAUL LANGEVIN,92073,DOC LYCEES,135,47,59,106,98,90,95,92,97,96,341,364,76,73,88,88,91,94
0920147K,SURESNES,LYCEE PAUL LANGEVIN,92073,BIOCH.BIOL,78,47,59,106,98,90,95,92,97,96,341,364,76,73,88,88,91,94
0920147K,SURESNES,LYCEE PAUL LANGEVIN,92073,ECO.GE.FIN,1806.2,47,59,106,98,90,95,92,97,96,341,364,76,73,88,88,91,94
0920149M,VANVES,LYCEE MICHELET,92075,E. P. S,312,70,103,171,94,98,95,95,97,97,491,349,70,72,95,93,96,97
0920149M,VANVES,LYCEE MICHELET,92075,SII.ING.ME,31,70,103,171,94,98,95,95,97,97,491,349,70,72,95,93,96,97
0920149M,VANVES,LYCEE MICHELET,92075,PHY.CHIMIE,240,70,103,171,94,98,95,95,97,97,491,349,70,72,95,93,96,97
0920149M,VANVES,LYCEE MICHELET,92075,ALLEMAND,358,70,103,171,94,98,95,95,97,97,491,349,70,72,95,93,96,97
0920149M,VANVES,LYCEE MICHELET,92075,ANGLAIS,299.2,70,103,171,94,98,95,95,97,97,491,349,70,72,95,93,96,97
0920149M,VANVES,LYCEE MICHELET,92075,S. V. T.,227,70,103,171,94,98,95,95,97,97,491,349,70,72,95,93,96,97
0920149M,VANVES,LYCEE MICHELET,92075,MATHS,464,70,103,171,94,98,95,95,97,97,491,349,70,72,95,93,96,97
0920149M,VANVES,LYCEE MICHELET,92075,LET MODERN,1127,70,103,171,94,98,95,95,97,97,491,349,70,72,95,93,96,97
0920798T,MEUDON,LYCEE RABELAIS,92048,HIST. GEO.,180,29,86,138,93,92,92,94,94,93,305,244,64,67,88,88,92,94
0920798T,MEUDON,LYCEE RABELAIS,92048,SC.ECO.SOC,1058,29,86,138,93,92,92,94,94,93,305,244,64,67,88,88,92,94
0920799U,RUEIL MALMAISON,LYCEE RICHELIEU,92063,DOC LYCEES,31,53,192,328,94,96,97,96,97,97,713,681,77,77,92,93,96,97
0920799U,RUEIL MALMAISON,LYCEE RICHELIEU,92063,ESPAGNOL,248,53,192,328,94,96,97,96,97,97,713,681,77,77,92,93,96,97
0920799U,RUEIL MALMAISON,LYCEE RICHELIEU,92063,ALLEMAND,241,53,192,328,94,96,97,96,97,97,713,681,77,77,92,93,96,97
0920799U,RUEIL MALMAISON,LYCEE RICHELIEU,92063,MATHS,348,53,192,328,94,96,97,96,97,97,713,681,77,77,92,93,96,97
0920799U,RUEIL MALMAISON,LYCEE RICHELIEU,92063,LET MODERN,446.2,53,192,328,94,96,97,96,97,97,713,681,77,77,92,93,96,97
0920799U,RUEIL MALMAISON,LYCEE RICHELIEU,92063,SII.ING.ME,28,53,192,328,94,96,97,96,97,97,713,681,77,77,92,93,96,97
0920799U,RUEIL MALMAISON,LYCEE RICHELIEU,92063,PHILO,588.2,53,192,328,94,96,97,96,97,97,713,681,77,77,92,93,96,97
0920801W,ST CLOUD,LYCEE ALEXANDRE DUMAS,92064,MATHS,197,33,151,227,94,89,96,94,96,98,511,459,82,79,91,91,94,96
0920801W,ST CLOUD,LYCEE ALEXANDRE DUMAS,92064,HIST. GEO.,1807.2,33,151,227,94,89,96,94,96,98,511,459,82,79,91,91,94,96
0920801W,ST CLOUD,LYCEE ALEXANDRE DUMAS,92064,DOC LYCEES,71,33,151,227,94,89,96,94,96,98,511,459,82,79,91,91,94,96
0920801W,ST CLOUD,LYCEE ALEXANDRE DUMAS,92064,PHY.CHIMIE,1628,33,151,227,94,89,96,94,96,98,511,459,82,79,91,91,94,96
0920801W,ST CLOUD,LYCEE ALEXANDRE DUMAS,92064,ANGLAIS,230,33,151,227,94,89,96,94,96,98,511,459,82,79,91,91,94,96
0920802X,SEVRES,LYCEE JEAN-PIERRE VERNANT,92072,ANGLAIS,180,68,106,203,94,92,92,95,98,96,518,469,83,79,93,91,92,96
0920802X,SEVRES,LYCEE JEAN-PIERRE VERNANT,92072,ESPAGNOL,260,68,106,203,94,92,92,95,98,96,518,469,83,79,93,91,92,96
0920802X,SEVRES,LYCEE JEAN-PIERRE VERNANT,92072,SC.ECO.SOC,246.2,68,106,203,94,92,92,95,98,96,518,469,83,79,93,91,92,96
0920802X,SEVRES,LYCEE JEAN-PIERRE VERNANT,92072,LET MODERN,1709,68,106,203,94,92,92,95,98,96,518,469,83,79,93,91,92,96
0920802X,SEVRES,LYCEE JEAN-PIERRE VERNANT,92072,S. V. T.,453,68,106,203,94,92,92,95,98,96,518,469,83,79,93,91,92,96
0921230M,LEVALLOIS PERRET,LYCEE LEONARD DE VINCI,92044,MATHS,118.2,25,101,146,80,96,91,91,94,94,404,421,75,69,86,85,88,91
0921230M,LEVALLOIS PERRET,LYCEE LEONARD DE VINCI,92044,ALLEMAND,237,25,101,146,80,96,91,91,94,94,404,421,75,69,86,85,88,91
0921230M,LEVALLOIS PERRET,LYCEE LEONARD DE VINCI,92044,HIST. GEO.,318.2,25,101,146,80,96,91,91,94,94,404,421,75,69,86,85,88,91
0921230M,LEVALLOIS PERRET,LYCEE LEONARD DE VINCI,92044,PHY.CHIMIE,117,25,101,146,80,96,91,91,94,94,404,421,75,69,86,85,88,91
0921230M,LEVALLOIS PERRET,LYCEE LEONARD DE VINCI,92044,LET ESPAGN,71,25,101,146,80,96,91,91,94,94,404,421,75,69,86,85,88,91
0921230M,LEVALLOIS PERRET,LYCEE LEONARD DE VINCI,92044,SII.ING.ME,1960,25,101,146,80,96,91,91,94,94,404,421,75,69,86,85,88,91
0921230M,LEVALLOIS PERRET,LYCEE LEONARD DE VINCI,92044,ECO.GE.CPT,120,25,101,146,80,96,91,91,94,94,404,421,75,69,86,85,88,91
0921230M,LEVALLOIS PERRET,LYCEE LEONARD DE VINCI,92044,ANGLAIS,270,25,101,146,80,96,91,91,94,94,404,421,75,69,86,85,88,91
0921399W,MONTROUGE,LYCEE MAURICE GENEVOIX,92049,ECO.GE.MK,287.2,34,70,67,68,79,81,85,83,83,355,232,57,63,73,80,72,82
0921399W,MONTROUGE,LYCEE MAURICE GENEVOIX,92049,MATHS,162,34,70,67,68,79,81,85,83,83,355,232,57,63,73,80,72,82
0921399W,MONTROUGE,LYCEE MAURICE GENEVOIX,92049,S. V. T.,192,34,70,67,68,79,81,85,83,83,355,232,57,63,73,80,72,82
0921399W,MONTROUGE,LYCEE MAURICE GENEVOIX,92049,PHILO,1102,34,70,67,68,79,81,85,83,83,355,232,57,63,73,80,72,82
0921555R,CLAMART,LYCEE JACQUES MONOD,92023,EDUCATION,244,34,140,183,88,89,91,93,95,96,457,411,74,77,88,91,91,95
0921555R,CLAMART,LYCEE JACQUES MONOD,92023,MATHS,138,34,140,183,88,89,91,93,95,96,457,411,74,77,88,91,91,95
0921555R,CLAMART,LYCEE JACQUES MONOD,92023,ANGLAIS,134,34,140,183,88,89,91,93,95,96,457,411,74,77,88,91,91,95
0921555R,CLAMART,LYCEE JACQUES MONOD,92023,ESPAGNOL,297,34,140,183,88,89,91,93,95,96,457,411,74,77,88,91,91,95
0921555R,CLAMART,LYCEE JACQUES MONOD,92023,HIST. GEO.,332.2,34,140,183,88,89,91,93,95,96,457,411,74,77,88,91,91,95
0921594H,VILLENEUVE LA GARENNE,LYCEE MICHEL ANGE,92078,ECO.GE.MK,215.2,18,26,37,72,69,62,72,74,67,125,118,49,57,65,76,71,74
0921594H,VILLENEUVE LA GARENNE,LYCEE MICHEL ANGE,92078,PHY.CHIMIE,161,18,26,37,72,69,62,72,74,67,125,118,49,57,65,76,71,74
0921594H,VILLENEUVE LA GARENNE,LYCEE MICHEL ANGE,92078,HIST. GEO.,382,18,26,37,72,69,62,72,74,67,125,118,49,57,65,76,71,74
0921935D,VAUCRESSON,LYCEE TOULOUSE LAUTREC,92076,HIST. GEO.,83,6,10,13,100,80,85,83,81,74,36,36,65,50,84,73,87,79
0921935D,VAUCRESSON,LYCEE TOULOUSE LAUTREC,92076,MATHS,185,6,10,13,100,80,85,83,81,74,36,36,65,50,84,73,87,79
0921935D,VAUCRESSON,LYCEE TOULOUSE LAUTREC,92076,E. P. S,196,6,10,13,100,80,85,83,81,74,36,36,65,50,84,73,87,79
0922249V,LE PLESSIS ROBINSON,LYCEE MONTESQUIEU (GENERAL ET TECHNO.),92060,LET.HIS.GE,144,11,20,18,91,75,89,85,81,89,114,92,59,63,82,83,88,88
0922249V,LE PLESSIS ROBINSON,LYCEE MONTESQUIEU (GENERAL ET TECHNO.),92060,ANGLAIS,230,11,20,18,91,75,89,85,81,89,114,92,59,63,82,83,88,88
0922249V,LE PLESSIS ROBINSON,LYCEE MONTESQUIEU (GENERAL ET TECHNO.),92060,ESPAGNOL,182,11,20,18,91,75,89,85,81,89,114,92,59,63,82,83,88,88
0922249V,LE PLESSIS ROBINSON,LYCEE MONTESQUIEU (GENERAL ET TECHNO.),92060,LET ANGLAI,79,11,20,18,91,75,89,85,81,89,114,92,59,63,82,83,88,88
0922249V,LE PLESSIS ROBINSON,LYCEE MONTESQUIEU (GENERAL ET TECHNO.),92060,MATHS,111,11,20,18,91,75,89,85,81,89,114,92,59,63,82,83,88,88
0922249V,LE PLESSIS ROBINSON,LYCEE MONTESQUIEU (GENERAL ET TECHNO.),92060,EDUCATION,135,11,20,18,91,75,89,85,81,89,114,92,59,63,82,83,88,88
0922397F,ISSY LES MOULINEAUX,LYCEE EUGENE IONESCO (GENERAL ET TECHNO.),92040,PHY.CHIMIE,200,33,32,50,82,88,80,81,83,88,301,251,59,60,81,82,85,84
0922397F,ISSY LES MOULINEAUX,LYCEE EUGENE IONESCO (GENERAL ET TECHNO.),92040,ANGLAIS,193,33,32,50,82,88,80,81,83,88,301,251,59,60,81,82,85,84
0922397F,ISSY LES MOULINEAUX,LYCEE EUGENE IONESCO (GENERAL ET TECHNO.),92040,SII.EE,412,33,32,50,82,88,80,81,83,88,301,251,59,60,81,82,85,84
0922397F,ISSY LES MOULINEAUX,LYCEE EUGENE IONESCO (GENERAL ET TECHNO.),92040,LET MODERN,1607,33,32,50,82,88,80,81,83,88,301,251,59,60,81,82,85,84
0922397F,ISSY LES MOULINEAUX,LYCEE EUGENE IONESCO (GENERAL ET TECHNO.),92040,MATHS,161,33,32,50,82,88,80,81,83,88,301,251,59,60,81,82,85,84
0922397F,ISSY LES MOULINEAUX,LYCEE EUGENE IONESCO (GENERAL ET TECHNO.),92040,S. V. T.,178,33,32,50,82,88,80,81,83,88,301,251,59,60,81,82,85,84
0922397F,ISSY LES MOULINEAUX,LYCEE EUGENE IONESCO (GENERAL ET TECHNO.),92040,G.ELECTRON,260.2,33,32,50,82,88,80,81,83,88,301,251,59,60,81,82,85,84
0950640E,ARGENTEUIL,LYCEE JULIE-VICTOIRE DAUBIE,95018,DOC LYCEES,88,45,65,64,91,86,77,78,74,65,298,283,64,67,81,80,84,73
0950640E,ARGENTEUIL,LYCEE JULIE-VICTOIRE DAUBIE,95018,HIST. GEO.,102,45,65,64,91,86,77,78,74,65,298,283,64,67,81,80,84,73
0950640E,ARGENTEUIL,LYCEE JULIE-VICTOIRE DAUBIE,95018,PHILO,1713,45,65,64,91,86,77,78,74,65,298,283,64,67,81,80,84,73
0950640E,ARGENTEUIL,LYCEE JULIE-VICTOIRE DAUBIE,95018,ESPAGNOL,115,45,65,64,91,86,77,78,74,65,298,283,64,67,81,80,84,73
0950644J,ENGHIEN LES BAINS,LYCEE GUSTAVE MONOD,95210,MATHS,38,53,88,138,74,84,92,89,91,93,434,412,66,69,81,85,82,88
0950644J,ENGHIEN LES BAINS,LYCEE GUSTAVE MONOD,95210,DOC LYCEES,199,53,88,138,74,84,92,89,91,93,434,412,66,69,81,85,82,88
0950644J,ENGHIEN LES BAINS,LYCEE GUSTAVE MONOD,95210,HIST. GEO.,219.2,53,88,138,74,84,92,89,91,93,434,412,66,69,81,85,82,88
0950645K,ERMONT,LYCEE VAN GOGH,95219,ANGLAIS,127,47,118,161,85,87,94,88,90,93,479,418,72,70,87,86,88,89
0950645K,ERMONT,LYCEE VAN GOGH,95219,HIST. GEO.,196,47,118,161,85,87,94,88,90,93,479,418,72,70,87,86,88,89
0950645K,ERMONT,LYCEE VAN GOGH,95219,SC.ECO.SOC,138,47,118,161,85,87,94,88,90,93,479,418,72,70,87,86,88,89
0950645K,ERMONT,LYCEE VAN GOGH,95219,ESPAGNOL,111,47,118,161,85,87,94,88,90,93,479,418,72,70,87,86,88,89
0950646L,GONESSE,LYCEE RENE CASSIN,95277,HIST. GEO.,120,47,69,81,83,93,81,75,81,77,446,377,65,61,83,77,82,75
0950646L,GONESSE,LYCEE RENE CASSIN,95277,S. V. T.,138,47,69,81,83,93,81,75,81,77,446,377,65,61,83,77,82,75
0950646L,GONESSE,LYCEE RENE CASSIN,95277,ESPAGNOL,118,47,69,81,83,93,81,75,81,77,446,377,65,61,83,77,82,75
0950646L,GONESSE,LYCEE RENE CASSIN,95277,ANGLAIS,118,47,69,81,83,93,81,75,81,77,446,377,65,61,83,77,82,75
0950646L,GONESSE,LYCEE RENE CASSIN,95277,LETT CLASS,130,47,69,81,83,93,81,75,81,77,446,377,65,61,83,77,82,75
0950646L,GONESSE,LYCEE RENE CASSIN,95277,ECO.GE.COM,21,47,69,81,83,93,81,75,81,77,446,377,65,61,83,77,82,75
0950646L,GONESSE,LYCEE RENE CASSIN,95277,LETT CLASS,130,47,69,81,83,93,81,75,81,77,446,377,65,61,83,77,82,75
0950647M,LUZARCHES,LYCEE GERARD DE NERVAL,95352,ANGLAIS,93,32,68,69,81,85,84,88,92,89,280,220,72,73,86,86,84,90
0950647M,LUZARCHES,LYCEE GERARD DE NERVAL,95352,HIST. GEO.,261,32,68,69,81,85,84,88,92,89,280,220,72,73,86,86,84,90
0950647M,LUZARCHES,LYCEE GERARD DE NERVAL,95352,ECO.GE.FIN,357,32,68,69,81,85,84,88,92,89,280,220,72,73,86,86,84,90
0950648N,MONTMORENCY,LYCEE JEAN-JACQUES ROUSSEAU,95428,ANGLAIS,244,33,92,98,82,91,85,84,91,88,348,302,76,72,88,85,88,87
0950648N,MONTMORENCY,LYCEE JEAN-JACQUES ROUSSEAU,95428,LET MODERN,262,33,92,98,82,91,85,84,91,88,348,302,76,72,88,85,88,87
0950648N,MONTMORENCY,LYCEE JEAN-JACQUES ROUSSEAU,95428,SC.ECO.SOC,65,33,92,98,82,91,85,84,91,88,348,302,76,72,88,85,88,87
0950648N,MONTMORENCY,LYCEE JEAN-JACQUES ROUSSEAU,95428,ARTS PLAST,227,33,92,98,82,91,85,84,91,88,348,302,76,72,88,85,88,87
0950648N,MONTMORENCY,LYCEE JEAN-JACQUES ROUSSEAU,95428,ECO.GE.FIN,1682,33,92,98,82,91,85,84,91,88,348,302,76,72,88,85,88,87
0950648N,MONTMORENCY,LYCEE JEAN-JACQUES ROUSSEAU,95428,ALLEMAND,1878,33,92,98,82,91,85,84,91,88,348,302,76,72,88,85,88,87
0950648N,MONTMORENCY,LYCEE JEAN-JACQUES ROUSSEAU,95428,ITALIEN,1565,33,92,98,82,91,85,84,91,88,348,302,76,72,88,85,88,87
0950648N,MONTMORENCY,LYCEE JEAN-JACQUES ROUSSEAU,95428,MATHS,260.2,33,92,98,82,91,85,84,91,88,348,302,76,72,88,85,88,87
0950649P,PONTOISE,LYCEE CAMILLE PISSARRO,95500,ECO.GE.FIN,1868,28,61,97,100,87,90,89,90,90,290,313,66,66,80,82,84,87
0950650R,SARCELLES,LYCEE JEAN-JACQUES ROUSSEAU (GENERAL ET TECHNO.),95585,E. P. S,216,48,109,103,56,75,68,70,71,66,394,371,57,60,70,74,73,72
0950650R,SARCELLES,LYCEE JEAN-JACQUES ROUSSEAU (GENERAL ET TECHNO.),95585,LETT CLASS,241,48,109,103,56,75,68,70,71,66,394,371,57,60,70,74,73,72
0950650R,SARCELLES,LYCEE JEAN-JACQUES ROUSSEAU (GENERAL ET TECHNO.),95585,ESPAGNOL,138,48,109,103,56,75,68,70,71,66,394,371,57,60,70,74,73,72
0950650R,SARCELLES,LYCEE JEAN-JACQUES ROUSSEAU (GENERAL ET TECHNO.),95585,ECO.GE.MK,21,48,109,103,56,75,68,70,71,66,394,371,57,60,70,74,73,72
0950650R,SARCELLES,LYCEE JEAN-JACQUES ROUSSEAU (GENERAL ET TECHNO.),95585,DOC LYCEES,38,48,109,103,56,75,68,70,71,66,394,371,57,60,70,74,73,72
0950650R,SARCELLES,LYCEE JEAN-JACQUES ROUSSEAU (GENERAL ET TECHNO.),95585,LETT CLASS,241,48,109,103,56,75,68,70,71,66,394,371,57,60,70,74,73,72
0950650R,SARCELLES,LYCEE JEAN-JACQUES ROUSSEAU (GENERAL ET TECHNO.),95585,ALLEMAND,141,48,109,103,56,75,68,70,71,66,394,371,57,60,70,74,73,72
0950650R,SARCELLES,LYCEE JEAN-JACQUES ROUSSEAU (GENERAL ET TECHNO.),95585,MATHS,189,48,109,103,56,75,68,70,71,66,394,371,57,60,70,74,73,72
0950650R,SARCELLES,LYCEE JEAN-JACQUES ROUSSEAU (GENERAL ET TECHNO.),95585,LET.HIS.GE,21,48,109,103,56,75,68,70,71,66,394,371,57,60,70,74,73,72
0950650R,SARCELLES,LYCEE JEAN-JACQUES ROUSSEAU (GENERAL ET TECHNO.),95585,BIOTECHNOL,38,48,109,103,56,75,68,70,71,66,394,371,57,60,70,74,73,72
0950650R,SARCELLES,LYCEE JEAN-JACQUES ROUSSEAU (GENERAL ET TECHNO.),95585,HIST. GEO.,55,48,109,103,56,75,68,70,71,66,394,371,57,60,70,74,73,72
0950650R,SARCELLES,LYCEE JEAN-JACQUES ROUSSEAU (GENERAL ET TECHNO.),95585,ANGLAIS,51,48,109,103,56,75,68,70,71,66,394,371,57,60,70,74,73,72
0950651S,TAVERNY,LYCEE JACQUES PREVERT,95607,ANGLAIS,158,36,66,105,89,86,90,88,90,91,349,283,71,70,89,86,89,91
0950651S,TAVERNY,LYCEE JACQUES PREVERT,95607,MATHS,120,36,66,105,89,86,90,88,90,91,349,283,71,70,89,86,89,91
0950651S,TAVERNY,LYCEE JACQUES PREVERT,95607,HIST. GEO.,258,36,66,105,89,86,90,88,90,91,349,283,71,70,89,86,89,91
0950651S,TAVERNY,LYCEE JACQUES PREVERT,95607,ECO.GE.FIN,65,36,66,105,89,86,90,88,90,91,349,283,71,70,89,86,89,91
0950651S,TAVERNY,LYCEE JACQUES PREVERT,95607,ESPAGNOL,118,36,66,105,89,86,90,88,90,91,349,283,71,70,89,86,89,91
0950666H,ARGENTEUIL,LYCEE GEORGES BRAQUE (GENERAL ET TECHNO.),95018,E. P. S,321,18,58,29,78,71,69,70,61,65,204,230,58,56,70,72,71,69
0950666H,ARGENTEUIL,LYCEE GEORGES BRAQUE (GENERAL ET TECHNO.),95018,ANGLAIS,101,18,58,29,78,71,69,70,61,65,204,230,58,56,70,72,71,69
0950666H,ARGENTEUIL,LYCEE GEORGES BRAQUE (GENERAL ET TECHNO.),95018,HIST. GEO.,483,18,58,29,78,71,69,70,61,65,204,230,58,56,70,72,71,69
0950666H,ARGENTEUIL,LYCEE GEORGES BRAQUE (GENERAL ET TECHNO.),95018,MATHS,21,18,58,29,78,71,69,70,61,65,204,230,58,56,70,72,71,69
0950666H,ARGENTEUIL,LYCEE GEORGES BRAQUE (GENERAL ET TECHNO.),95018,MATH.SC.PH,71,18,58,29,78,71,69,70,61,65,204,230,58,56,70,72,71,69
0950666H,ARGENTEUIL,LYCEE GEORGES BRAQUE (GENERAL ET TECHNO.),95018,ESPAGNOL,51,18,58,29,78,71,69,70,61,65,204,230,58,56,70,72,71,69
0950666H,ARGENTEUIL,LYCEE GEORGES BRAQUE (GENERAL ET TECHNO.),95018,ECO.GE.FIN,201,18,58,29,78,71,69,70,61,65,204,230,58,56,70,72,71,69
0950667J,GOUSSAINVILLE,LYCEE ROMAIN ROLLAND,95280,ANGLAIS,21,11,28,41,100,75,88,70,71,77,268,175,60,55,83,73,82,72
0950667J,GOUSSAINVILLE,LYCEE ROMAIN ROLLAND,95280,HIST. GEO.,188,11,28,41,100,75,88,70,71,77,268,175,60,55,83,73,82,72
0950667J,GOUSSAINVILLE,LYCEE ROMAIN ROLLAND,95280,ECO.GE.VEN,99,11,28,41,100,75,88,70,71,77,268,175,60,55,83,73,82,72
0950667J,GOUSSAINVILLE,LYCEE ROMAIN ROLLAND,95280,G.ELECTROT,222,11,28,41,100,75,88,70,71,77,268,175,60,55,83,73,82,72
0950667J,GOUSSAINVILLE,LYCEE ROMAIN ROLLAND,95280,EDUCATION,121,11,28,41,100,75,88,70,71,77,268,175,60,55,83,73,82,72
0950667J,GOUSSAINVILLE,LYCEE ROMAIN ROLLAND,95280,LET.HIS.GE,180,11,28,41,100,75,88,70,71,77,268,175,60,55,83,73,82,72
0950667J,GOUSSAINVILLE,LYCEE ROMAIN ROLLAND,95280,E. P. S,98,11,28,41,100,75,88,70,71,77,268,175,60,55,83,73,82,72
0950667J,GOUSSAINVILLE,LYCEE ROMAIN ROLLAND,95280,SII.EE,469,11,28,41,100,75,88,70,71,77,268,175,60,55,83,73,82,72
0950667J,GOUSSAINVILLE,LYCEE ROMAIN ROLLAND,95280,LET ANGLAI,21,11,28,41,100,75,88,70,71,77,268,175,60,55,83,73,82,72
0950667J,GOUSSAINVILLE,LYCEE ROMAIN ROLLAND,95280,MATH.SC.PH,21,11,28,41,100,75,88,70,71,77,268,175,60,55,83,73,82,72
0950667J,GOUSSAINVILLE,LYCEE ROMAIN ROLLAND,95280,ECO.GE.CPT,1706,11,28,41,100,75,88,70,71,77,268,175,60,55,83,73,82,72
0950667J,GOUSSAINVILLE,LYCEE ROMAIN ROLLAND,95280,MATHS,28,11,28,41,100,75,88,70,71,77,268,175,60,55,83,73,82,72
0950667J,GOUSSAINVILLE,LYCEE ROMAIN ROLLAND,95280,SC.ECO.SOC,115,11,28,41,100,75,88,70,71,77,268,175,60,55,83,73,82,72
0950667J,GOUSSAINVILLE,LYCEE ROMAIN ROLLAND,95280,SII.ING.ME,239,11,28,41,100,75,88,70,71,77,268,175,60,55,83,73,82,72
0951147F,L ISLE ADAM,LYCEE FRAGONARD,95313,LETT CLASS,224,35,81,101,83,86,84,90,91,90,273,235,67,72,81,86,84,89
0951147F,L ISLE ADAM,LYCEE FRAGONARD,95313,MATHS,278,35,81,101,83,86,84,90,91,90,273,235,67,72,81,86,84,89
0951147F,L ISLE ADAM,LYCEE FRAGONARD,95313,PHILO,93,35,81,101,83,86,84,90,91,90,273,235,67,72,81,86,84,89
0951147F,L ISLE ADAM,LYCEE FRAGONARD,95313,ECO.GE.FIN,480,35,81,101,83,86,84,90,91,90,273,235,67,72,81,86,84,89
0951147F,L ISLE ADAM,LYCEE FRAGONARD,95313,LETT CLASS,224,35,81,101,83,86,84,90,91,90,273,235,67,72,81,86,84,89
0951399E,CERGY,LYCEE ALFRED KASTLER,95127,ECO.GE.COM,1576,21,58,67,86,78,82,86,87,87,256,202,70,68,78,84,78,86
0951399E,CERGY,LYCEE ALFRED KASTLER,95127,MATHS,158.2,21,58,67,86,78,82,86,87,87,256,202,70,68,78,84,78,86
0951399E,CERGY,LYCEE ALFRED KASTLER,95127,SC.ECO.SOC,71,21,58,67,86,78,82,86,87,87,256,202,70,68,78,84,78,86
0951637N,CERGY,LYCEE GALILEE,95127,ALLEMAND,430,19,63,90,95,97,91,83,92,90,308,326,78,71,88,84,92,87
0951637N,CERGY,LYCEE GALILEE,95127,SII.EE,1871,19,63,90,95,97,91,83,92,90,308,326,78,71,88,84,92,87
0951637N,CERGY,LYCEE GALILEE,95127,PHILO,543,19,63,90,95,97,91,83,92,90,308,326,78,71,88,84,92,87
0951637N,CERGY,LYCEE GALILEE,95127,MATHS,292,19,63,90,95,97,91,83,92,90,308,326,78,71,88,84,92,87
0951710T,VAUREAL,LYCEE CAMILLE CLAUDEL (GENERAL ET TECHNO.),95637,HIST. GEO.,268,63,70,102,89,71,88,90,89,87,382,363,82,75,88,87,85,88
0951710T,VAUREAL,LYCEE CAMILLE CLAUDEL (GENERAL ET TECHNO.),95637,LETT CLASS,440,63,70,102,89,71,88,90,89,87,382,363,82,75,88,87,85,88
0951710T,VAUREAL,LYCEE CAMILLE CLAUDEL (GENERAL ET TECHNO.),95637,S. V. T.,1648,63,70,102,89,71,88,90,89,87,382,363,82,75,88,87,85,88
0951710T,VAUREAL,LYCEE CAMILLE CLAUDEL (GENERAL ET TECHNO.),95637,LETT CLASS,440,63,70,102,89,71,88,90,89,87,382,363,82,75,88,87,85,88
0951722F,FRANCONVILLE,LYCEE JEAN MONNET (GENERAL ET TECHNO.),95252,ANGLAIS,88,22,67,95,91,73,86,80,88,81,277,300,70,66,83,81,82,83
0951722F,FRANCONVILLE,LYCEE JEAN MONNET (GENERAL ET TECHNO.),95252,LET MODERN,141,22,67,95,91,73,86,80,88,81,277,300,70,66,83,81,82,83
0951722F,FRANCONVILLE,LYCEE JEAN MONNET (GENERAL ET TECHNO.),95252,ECO.GE.FIN,59,22,67,95,91,73,86,80,88,81,277,300,70,66,83,81,82,83
0951722F,FRANCONVILLE,LYCEE JEAN MONNET (GENERAL ET TECHNO.),95252,MATHS,95,22,67,95,91,73,86,80,88,81,277,300,70,66,83,81,82,83
0951723G,HERBLAY,LYCEE MONTESQUIEU,95306,ECO.GE.FIN,1600,56,133,130,98,93,89,90,93,95,364,319,74,75,86,88,88,92
0951723G,HERBLAY,LYCEE MONTESQUIEU,95306,LET MODERN,208,56,133,130,98,93,89,90,93,95,364,319,74,75,86,88,88,92
0951723G,HERBLAY,LYCEE MONTESQUIEU,95306,MATHS,148,56,133,130,98,93,89,90,93,95,364,319,74,75,86,88,88,92
0951727L,FOSSES,LYCEE CHARLES BAUDELAIRE (GENERAL ET TECHNO.),95250,LET ANGLAI,21,15,31,46,100,68,70,79,72,80,122,131,71,64,76,76,74,77
0951727L,FOSSES,LYCEE CHARLES BAUDELAIRE (GENERAL ET TECHNO.),95250,S. V. T.,118,15,31,46,100,68,70,79,72,80,122,131,71,64,76,76,74,77
0951727L,FOSSES,LYCEE CHARLES BAUDELAIRE (GENERAL ET TECHNO.),95250,LET.HIS.GE,51,15,31,46,100,68,70,79,72,80,122,131,71,64,76,76,74,77
0951727L,FOSSES,LYCEE CHARLES BAUDELAIRE (GENERAL ET TECHNO.),95250,MATH.SC.PH,21,15,31,46,100,68,70,79,72,80,122,131,71,64,76,76,74,77
0951727L,FOSSES,LYCEE CHARLES BAUDELAIRE (GENERAL ET TECHNO.),95250,LET MODERN,58,15,31,46,100,68,70,79,72,80,122,131,71,64,76,76,74,77
0951727L,FOSSES,LYCEE CHARLES BAUDELAIRE (GENERAL ET TECHNO.),95250,HIST. GEO.,118,15,31,46,100,68,70,79,72,80,122,131,71,64,76,76,74,77
0951728M,ST OUEN L AUMONE,LYCEE EDMOND ROSTAND,95572,HIST. GEO.,198,22,48,88,95,94,85,90,92,87,248,208,68,72,82,87,87,88
0951728M,ST OUEN L AUMONE,LYCEE EDMOND ROSTAND,95572,MATHS,111,22,48,88,95,94,85,90,92,87,248,208,68,72,82,87,87,88
0951728M,ST OUEN L AUMONE,LYCEE EDMOND ROSTAND,95572,LET.HIS.GE,101,22,48,88,95,94,85,90,92,87,248,208,68,72,82,87,87,88
0951728M,ST OUEN L AUMONE,LYCEE EDMOND ROSTAND,95572,ANGLAIS,1718,22,48,88,95,94,85,90,92,87,248,208,68,72,82,87,87,88
0951728M,ST OUEN L AUMONE,LYCEE EDMOND ROSTAND,95572,ECO.GE.VEN,154.2,22,48,88,95,94,85,90,92,87,248,208,68,72,82,87,87,88
0951748J,BEAUMONT SUR OISE,LYCEE EVARISTE GALOIS (GENERAL ET TECHNO.),95052,BIOTECHNOL,110,17,33,34,94,79,74,87,86,80,216,163,71,66,83,81,81,84
0951748J,BEAUMONT SUR OISE,LYCEE EVARISTE GALOIS (GENERAL ET TECHNO.),95052,MATHS,31,17,33,34,94,79,74,87,86,80,216,163,71,66,83,81,81,84
0951748J,BEAUMONT SUR OISE,LYCEE EVARISTE GALOIS (GENERAL ET TECHNO.),95052,HIST. GEO.,155,17,33,34,94,79,74,87,86,80,216,163,71,66,83,81,81,84
0951748J,BEAUMONT SUR OISE,LYCEE EVARISTE GALOIS (GENERAL ET TECHNO.),95052,E. P. S,83,17,33,34,94,79,74,87,86,80,216,163,71,66,83,81,81,84
0951748J,BEAUMONT SUR OISE,LYCEE EVARISTE GALOIS (GENERAL ET TECHNO.),95052,LET MODERN,138,17,33,34,94,79,74,87,86,80,216,163,71,66,83,81,81,84
0951748J,BEAUMONT SUR OISE,LYCEE EVARISTE GALOIS (GENERAL ET TECHNO.),95052,ANGLAIS,58,17,33,34,94,79,74,87,86,80,216,163,71,66,83,81,81,84
0951748J,BEAUMONT SUR OISE,LYCEE EVARISTE GALOIS (GENERAL ET TECHNO.),95052,MATH.SC.PH,71,17,33,34,94,79,74,87,86,80,216,163,71,66,83,81,81,84
0951748J,BEAUMONT SUR OISE,LYCEE EVARISTE GALOIS (GENERAL ET TECHNO.),95052,LET.HIS.GE,71,17,33,34,94,79,74,87,86,80,216,163,71,66,83,81,81,84
0951748J,BEAUMONT SUR OISE,LYCEE EVARISTE GALOIS (GENERAL ET TECHNO.),95052,ECO.GE.VEN,28,17,33,34,94,79,74,87,86,80,216,163,71,66,83,81,81,84
0951753P,ST WITZ,LYCEE LEONARD DE VINCI,95580,HIST. GEO.,172,19,35,64,100,100,95,94,93,94,242,177,77,74,93,89,98,91
0951753P,ST WITZ,LYCEE LEONARD DE VINCI,95580,MATHS,111,19,35,64,100,100,95,94,93,94,242,177,77,74,93,89,98,91
0951756T,CERGY,LYCEE JULES VERNE (GENERAL ET TECHNO.),95127,PHILO,173,11,53,98,82,92,92,95,91,91,310,223,61,62,85,87,89,89
0951756T,CERGY,LYCEE JULES VERNE (GENERAL ET TECHNO.),95127,EDUCATION,117,11,53,98,82,92,92,95,91,91,310,223,61,62,85,87,89,89
0951763A,TAVERNY,LYCEE LOUIS JOUVET (GENERAL ET TECHNO.),95607,LET ANGLAI,45,24,42,65,83,71,85,84,89,87,274,290,63,65,83,80,84,86
0951763A,TAVERNY,LYCEE LOUIS JOUVET (GENERAL ET TECHNO.),95607,HIST. GEO.,236.2,24,42,65,83,71,85,84,89,87,274,290,63,65,83,80,84,86
0951763A,TAVERNY,LYCEE LOUIS JOUVET (GENERAL ET TECHNO.),95607,MATH.SC.PH,133.2,24,42,65,83,71,85,84,89,87,274,290,63,65,83,80,84,86
0951763A,TAVERNY,LYCEE LOUIS JOUVET (GENERAL ET TECHNO.),95607,ANGLAIS,95,24,42,65,83,71,85,84,89,87,274,290,63,65,83,80,84,86
0951763A,TAVERNY,LYCEE LOUIS JOUVET (GENERAL ET TECHNO.),95607,G.ELECTROT,49,24,42,65,83,71,85,84,89,87,274,290,63,65,83,80,84,86
0951763A,TAVERNY,LYCEE LOUIS JOUVET (GENERAL ET TECHNO.),95607,ECO.GE.CPT,240,24,42,65,83,71,85,84,89,87,274,290,63,65,83,80,84,86
0951763A,TAVERNY,LYCEE LOUIS JOUVET (GENERAL ET TECHNO.),95607,ECO.GE.COM,619,24,42,65,83,71,85,84,89,87,274,290,63,65,83,80,84,86
0951766D,GARGES LES GONESSE,LYCEE SIMONE DE BEAUVOIR,95268,PHILO,1650,16,54,90,94,81,70,71,75,73,354,246,58,56,75,75,71,71
0951766D,GARGES LES GONESSE,LYCEE SIMONE DE BEAUVOIR,95268,MATHS,78,16,54,90,94,81,70,71,75,73,354,246,58,56,75,75,71,71
0951788C,DOMONT,LYCEE GEORGE SAND (GENERAL ET TECHNO.),95199,S. V. T.,508.2,54,106,120,89,77,83,88,85,88,415,366,74,71,85,85,83,86
0951788C,DOMONT,LYCEE GEORGE SAND (GENERAL ET TECHNO.),95199,ANGLAIS,252.2,54,106,120,89,77,83,88,85,88,415,366,74,71,85,85,83,86
0951788C,DOMONT,LYCEE GEORGE SAND (GENERAL ET TECHNO.),95199,MATHS,48,54,106,120,89,77,83,88,85,88,415,366,74,71,85,85,83,86
0951824S,JOUY LE MOUTIER,LYCEE DE L HAUTIL (GENERAL ET TECHNO.),95323,EDUCATION,73,14,26,47,93,85,77,88,84,83,127,119,66,64,82,79,83,82
0951824S,JOUY LE MOUTIER,LYCEE DE L HAUTIL (GENERAL ET TECHNO.),95323,ANGLAIS,88,14,26,47,93,85,77,88,84,83,127,119,66,64,82,79,83,82
0951922Y,DEUIL LA BARRE,LYCEE CAMILLE SAINT-SAENS,95197,SII.SIN,21,35,104,115,80,74,81,90,83,85,377,273,65,67,80,83,74,84
0951922Y,DEUIL LA BARRE,LYCEE CAMILLE SAINT-SAENS,95197,HIST. GEO.,88,35,104,115,80,74,81,90,83,85,377,273,65,67,80,83,74,84
0951937P,OSNY,LYCEE PAUL-EMILE VICTOR (GENERAL ET TECHNO.),95476,ESPAGNOL,118,30,22,54,90,73,74,81,93,83,184,130,57,69,70,82,74,84
0951937P,OSNY,LYCEE PAUL-EMILE VICTOR (GENERAL ET TECHNO.),95476,LETT CLASS,38,30,22,54,90,73,74,81,93,83,184,130,57,69,70,82,74,84
0951974E,EAUBONNE,LYCEE LOUIS ARMAND (GENERAL ET TECHNO.),95203,LET.HIS.GE,1396,14,35,70,100,80,93,79,87,91,263,161,54,73,90,88,88,89
0951974E,EAUBONNE,LYCEE LOUIS ARMAND (GENERAL ET TECHNO.),95203,ECO.GE.VEN,589.2,14,35,70,100,80,93,79,87,91,263,161,54,73,90,88,88,89
0951974E,EAUBONNE,LYCEE LOUIS ARMAND (GENERAL ET TECHNO.),95203,ANGLAIS,150.2,14,35,70,100,80,93,79,87,91,263,161,54,73,90,88,88,89
0951974E,EAUBONNE,LYCEE LOUIS ARMAND (GENERAL ET TECHNO.),95203,LET MODERN,158,14,35,70,100,80,93,79,87,91,263,161,54,73,90,88,88,89
0951974E,EAUBONNE,LYCEE LOUIS ARMAND (GENERAL ET TECHNO.),95203,SC.ECO.SOC,65,14,35,70,100,80,93,79,87,91,263,161,54,73,90,88,88,89
0951974E,EAUBONNE,LYCEE LOUIS ARMAND (GENERAL ET TECHNO.),95203,E. P. S,173,14,35,70,100,80,93,79,87,91,263,161,54,73,90,88,88,89
